,Title,Culture,Dynasty,Date,Period,Material,object_Type,Path
0,RC-1 - Sekhmet Statue,Egyptian,,332-30 BCE,Ptolemaic,Bronze,Sculpture,789.jpg
1,RC-2 - Harpocrates,Egyptian,,305 - 30 BCE,Ptolemaic,Bronze,Sculpture,931.jpg
2,RC-3 - Osiris,Egyptian,,332 - 31 BCE,Ptolemaic,Bronze,Sculpture,365.jpg
3,RC-4 - Khonsu,Egyptian,,332 - 30 BCE,Ptolemaic,Bronze,Sculpture,774.jpg
4,RC-5 - Apis Bull,Egyptian,,525 - 343 BCE,Late Period,Bronze,Sculpture,913.jpg
5,RC-6 - Bast Cat,Egyptian,,332-31 BCE,Ptolemaic,Bronze,Sculpture,932.jpg
6,RC-7 - Horus Hawk on Sarcophagus,Egyptian,,305 - 30 BCE,Ptolemaic,Bronze,Sculpture,399.jpg
7,RC-9 - Striding Young Horus,Egyptian,26TH,664 - 525 BCE,3rd Intermediate,Bronze,Sculpture,933.jpg
8,RC-10 - Uraeus,Egyptian,21-25th,1070-656 BCE,3rd Intermediate,Bronze,Sculpture,711.jpg
9,RC-12 - Isis Nursing Horus,Egyptian,,305 BCE - 323 CE,Ptolemaic To Roman,Marble,Sculpture,803.jpg
10,RC-14 - Shawabti Mold,Egyptian,,C. 664 BCE,,Terracotta,Tools,763.jpg
11,RC-15 - Pitcher/ Vase,Egyptian,18TH,1570 - 1293 BCE,New Kingdom,Banded Calcite,Vessels,934.jpg
12,RC-16 - Mirror/ Dancing Girl Handle,Egyptian,18TH,1570-1293 BCE,New Kingdom,Bronze,Toiletries,715.jpg
13,RC-17 - Headrest,Egyptian,3 - 6TH,2705-2250 BCE,Old Kingdom,Wood,Furniture,72.jpg
14,RC-18 - Horus Hawk with Figure,Egyptian,,664 - 30 BCE,,Granite,Sculpture,756.jpg
15,RC-19 - Canopic Jar and Lid,Egyptian,18TH ?,1570 - 1293 BCE ?,New Kingdom ?,Limestone,Vessels,280.jpg
16,RC-22 - Mummy of a Child,Egyptian,,Roman Period,Roman Period,human mummy,Funerary,443.jpg
17,RC-26 - Kohl Jar,Egyptian,18TH,1570 - 1293 BCE,New Kingdom,Banded Calcite,Toiletries,421.jpg
18,RC-28 - Crocodile Lamp,Egyptian,,31 BCE - 395 CE,Ptolemaic-Roman,Bronze,Lamps,1031.jpg
19,RC-29 - Wadjet Amulet,Egyptian,26TH,664 - 525 BCE,3rd Intermediate,Faience,Amulets,456.jpg
20,RC-30 - Wadjet Amulet,Egyptian,26TH ?,664 - 525 BCE ?,3rd Intermediate,Faience,Amulets,404.jpg
21,RC-41 - Ankh Amulet,Egyptian,,332-31 BCE,Ptolemaic,Faience,Amulets,355.jpg
22,RC-42 - Ankh Amulet,Egyptian,,332-31 BCE,Ptolemaic,Faience,Amulets,632.jpg
23,RC-45 - Uatch Amulet,Egyptian,,305 - 30 BCE,Ptolemaic,Faience,Amulets,883.jpg
24,RC-46 - Uatch Amulet,Egyptian,26TH,664 - 525 BCE,3rd Intermediate,Faience,Amulets,376.jpg
25,RC-48 - Uatch Amulet,Egyptian,26TH ?,664  - 525 BCE ?,3rd Intermediate,Faience,Amulets,687.jpg
26,RC-49 - Uatch Amulet,Egyptian,,305 - 30 BCE ?,Ptolemaic ?,Faience,Amulets,462.jpg
27,RC-50 - Djed Amulet,Egyptian,26TH ?,664 - 525 BCE ?,3rd Intermediate ?,Faience,Amulets,853.jpg
28,RC-54 - Headrest Amulet,Egyptian,26TH TO ?,664 BCE - ?,3rd Intermediate,Hematite,Amulets,213.jpg
29,RC-57 - Frog Amulet,Egyptian,18 - 26TH,1570 - 525 BCE,New Kingdom - 3rd in,Stone,Amulets,140.jpg
30,RC-64 - Hathor Amulet,Egyptian,26TH,664 - 525 BCE,3rd Intermediate,Faience,Amulets,550.jpg
31,RC-65 - Khonsu Amulet,Egyptian,26TH,664 - 525 BCE,3rd Intermediate,Faience,Amulets,478.jpg
32,RC-66 - Seated Sekhmet Amulet,Egyptian,26TH TO ?,664 BCE TO ?,3rd Intermediate,Faience,Amulets,92.jpg
33,RC-68 - Ape Game Piece/ Amulet,Egyptian,18 - 30ST,1570 - 323 BCE,New Kingdom To Late,Limestone,Toys/Games,768.jpg
34,RC-69 - Horus Amulet,Egyptian,26TH,664 - 525 BCE,3rd Intermediate,Faience,Amulets,935.jpg
35,RC-70 - Seated Ptah,Egyptian,27 - 30th,525 - 343 BCE,Late Period,Stone,Sculpture,782.jpg
36,RC-72 - Bast Cat,Egyptian,26TH-PTOLEMAIC,664-30 BCE,3rd Int. - Ptolemaic,Bronze,Sculpture,936.jpg
37,RC-73 - Priest Head,Egyptian,26TH,664 - 525 BCE,3rd Intermediate,Stone,Sculpture,937.jpg
38,RC-74 - Pharaoh Head,Egyptian,18 - 20TH,1570 - 1070 BCE,New Kingdom,Marble,Sculpture,829.jpg
39,RC-78 - Ring Mold,Egyptian,18TH,1550 BCE,New Kingdom,Terracotta,Tools,564.jpg
40,RC-79 - Ankh Mold,Egyptian,18TH ?,1570 - 1293 BCE,New Kingdom,Clay,Tools,905.jpg
41,RC-81 - Winged Heart Scarab,Egyptian,27 - 31ST,525 - 332 BCE,Late Period,Faience,Amulets,191.jpg
42,RC-82 - Winged Heart Scarab,Egyptian,26TH ?,664 - 525 BCE ?,3rd Intermediate,Faience,Amulets,268.jpg
43,RC-91 - Necklace/ Five Strand,Egyptian,27 - 31ST,525 BCE - 30 BCE,Late Period To Ptole,Faience,Jewelry,784.jpg
44,RC-95 - Necklace,Egyptian,12TH ?,1991-1784 BCE,Middle Kingdom,Faience,Jewelry,811.jpg
45,RC-96 - Cat,Egyptian,26TH,664 - 525 BCE,Saite,Wood,Sculpture,938.jpg
46,RC-97 - Stele,Egyptian,18TH,1501 - 1479 BCE,New Kingdom,Wood,Funerary,323.jpg
47,RC-98 - Bird Mummy with Cartonnage,Egyptian,,305 BCE - 323 CE,Ptolemaic-Roman,Animal Remains,Funerary,836.jpg
48,RC-100 - Hawk,Egyptian,,332 BCE - 395 CE,Ptolemaic To Roman,Wood,Sculpture,311.jpg
49,RC-101 - Mask,Egyptian,,332-31 BCE,Ptolemaic,Cartonnage,Funerary,512.jpg
50,RC-102 - Funerary mask from Sais,Egyptian,,Greco-Roman,Greco-Roman,Cartonnage,Funerary,205.jpg
51,RC-104 - Panel,Egyptian,26TH,685-525 BCE,Saite Period,Wood,Funerary,822.jpg
52,RC-105 - Kohl Jar,Egyptian,18TH ?,1570 - 1293 BCE,New Kingdom,Serpentine,Toiletries,222.jpg
53,RC-109 - Ptah,Egyptian,,664 - 525 BCE,,Bronze,Sculpture,85.jpg
54,RC-110 - Ointment Jar,Egyptian,,,,Banded Calcite,Toiletries,939.jpg
55,RC-111 - Hapi/ Son of Horus,Egyptian,27 - 30th,525 - 343 BCE,Late Period,Wood,Sculpture,940.jpg
56,RC-112 - Sekhmet/ Upper Part,Egyptian,,332 BCE - 395 CE,Greco-Roman,Faience,Sculpture,797.jpg
57,RC-114 - Knife Blade,Egyptian,18 - 20TH,1570 - 1070 BCE,New Kingdom,Bronze,Tools,446.jpg
58,RC-118 - Mummy Eye,Egyptian,27-31ST,525-332 BCE,Late Period,Glass,Funerary,602.jpg
59,RC-119 - Mehit Aegis,Egyptian,,305 - 30 BCE,Ptolemaic,Bronze,Sculpture,597.jpg
60,RC-120 - Min Amulet,Egyptian,26TH,664 - 525 BCE,3rd Intermediate,Bronze,Amulets,543.jpg
61,RC-121 - Mirror/Without Handle,Egyptian,,1570 - 1070 BCE,New Kingdom,Bronze,Toiletries,846.jpg
62,RC-122 - Sandal/Left,Egyptian,27 - 31ST,525 - 404 BCE,Late Period,Reed,Toiletries,220.jpg
63,RC-123 - Ba,Egyptian,,30 BCE - 395 CE,,Wood,Sculpture,405.jpg
64,RC-124 - Anubis Jackal,Egyptian,,305 - 30 BCE,Late Period,Wood,Sculpture,375.jpg
65,RC-126 - Shawabti,Egyptian,20TH,1185 - 1070 BCE,New Kingdom,Terracotta,Ritual Objects,144.jpg
66,RC-127 - Faience Shabti,Egyptian,20TH,Dynasty 20,New Kingdom,Faience,Ritual Objects,382.jpg
67,RC-129 - Shawabti,Egyptian,26TH,686 - 525 BCE,Saite Period,Faience,Ritual Objects,941.jpg
68,RC-130 - Shawabti,Egyptian,26TH,686 - 525 BCE,Saite Period,Faience,Ritual Objects,942.jpg
69,RC-132 - Knife,Egyptian,,"10,000 BCE - 4800 BCE",Neolithic*,Rhyolite,Tools,764.jpg
70,RC-137 - Flint Implement,Egyptian,,6500 - 4500 BCE,Late Paleolithic,Jasper,Tools,690.jpg
71,RC-138 - Flint Implement,Egyptian,,6500 - 4500 BCE,Late Paleolithic,Jasper,Tools,27.jpg
72,RC-146 - Flint Implement,Egyptian,,6500 - 4500 BCE,Late Paleolithic,Jasper,Tools,510.jpg
73,RC-147 - Flint Implement,Egyptian,,6500 - 4500 BCE,Late Paleolithic,Jasper,Tools,172.jpg
74,RC-148 - Flint Implement,Egyptian,,6500 - 4500 BCE,Late Paleolithic,Jasper,Tools,199.jpg
75,RC-149 - Flint Implement,Egyptian,,6500 - 4500 BCE,Late Paleolithic,Rhyolite,Tools,101.jpg
76,RC-150 - Flint Implement,Egyptian,,6500 - 4500 BCE,Late Paleolithic,Jasper,Tools,792.jpg
77,RC-151 - Flint Implement,Egyptian,,6500 - 4500 BCE,Late Paleolithic,Rhyolite,Tools,133.jpg
78,RC-152 - Flint Implement,Egyptian,,6500 - 4500 BCE,Late Paleolithic,Jasper,Tools,416.jpg
79,RC-153 - Arrowhead,Egyptian,,6500 - 4500 BCE,Late Paleolithic,Jasper,Tools,499.jpg
80,RC-154 - Flint Implement,Egyptian,,6500 - 4500 BCE,Late Paleolithic,Jasper,Tools,587.jpg
81,RC-155 - Flint Implement,Egyptian,,6500 - 4500 BCE,Late Paleolithic,Jasper,Tools,81.jpg
82,RC-156 - Flint Implement,Egyptian,,6500 - 4500 BCE,Late Paleolithic,Jasper,Tools,181.jpg
83,RC-157 - Flint Implement,Egyptian,,6500 - 4500 BCE,Late Paleolithic,Jasper,Tools,175.jpg
84,RC-158 - Flint Implement,Egyptian,,6500 - 4500 BCE,Late Paleolithic,Jasper,Tools,805.jpg
85,RC-159 - Flint Implement,Egyptian,,6500 - 4500 BCE,Late Paleolithic,Jasper,Tools,847.jpg
86,RC-160 - Flint Implement,Egyptian,,6500 - 4500 BCE,Late Paleolithic,Rhyolite,Tools,283.jpg
87,RC-161 - Flint Implement,Egyptian,,6500 - 4500 BCE,Late Paleolithic,Jasper,Tools,637.jpg
88,RC-162 - Flint Implement,Egyptian,,6500 - 4500 BCE,Late Paleolithic,Jasper,Tools,787.jpg
89,RC-163 - Flint Implement,Egyptian,,6500 - 4500 BCE,Late Paleolithic,Jasper,Tools,514.jpg
90,RC-164 - Flint Implement,Egyptian,,6500 - 4500 BCE,Late Paleolithic,Jasper,Tools,757.jpg
91,RC-165 - Flint Implement,Egyptian,,6500 - 4500 BCE,Late Paleolithic,Jasper,Tools,392.jpg
92,RC-166 - Flint Implement,Egyptian,,6500 - 4500 BCE,Late Paleolithic,Rhyolite,Tools,654.jpg
93,RC-170 - Badarian Jar,Egyptian,BADARIAN,4800-4200 BCE,Predynastic,Clay,Vessels,589.jpg
94,RC-173 - Jar,Egyptian,,4800 - 3100 BCE,Predynastic,Clay,Vessels,616.jpg
95,RC-174 - Jar,Egyptian,,3200-3000 BCE,,Clay,Vessels,603.jpg
96,RC-176 - Jar,Egyptian,,3500-3000 BCE,,Clay,Vessels,1.jpg
97,RC-177 - Jar,Egyptian,,3500 - 3000 BCE,,Clay,Vessels,287.jpg
98,RC-183 - Jar,Egyptian,,3500 - 3000 BCE,,Clay,Vessels,590.jpg
99,RC-189 - Jar,Egyptian,,3250 - 3000 BCE,Predynastic,Clay,Vessels,662.jpg
100,RC-190 - Jar,Egyptian,19TH,1293 - 1185 BCE,New Kingdom,Clay,Vessels,620.jpg
101,RC-192 - Jar,Egyptian,18 - 20TH,1570 - 1070 BCE,New Kingdom,Clay,Vessels,21.jpg
102,RC-194 - Jar,Egyptian,18 - 20TH,1570 - 1070 BCE,New Kingdom,Clay,Vessels,145.jpg
103,RC-198 - Beer Jar,Egyptian,18-20TH,1549-1069 BCE,New Kingdom,Clay,Vessels,555.jpg
104,RC-199 - Jar,Egyptian,18 - 20TH,1570 - 1070 BCE,New Kingdom,Clay,Vessels,943.jpg
105,RC-200 - Jar,Egyptian,20TH,1185 - 1070 BCE,New Kingdom,Clay,Vessels,123.jpg
106,RC-202 - Pitcher Or Vase W/ One Handle,Egyptian,18 - 20TH,1570 - 1070 BCE,New Kingdom,Clay,Vessels,93.jpg
107,RC-203 - Jar with Two Handles,Egyptian,,305 - 30 BCE,Ptolemaic,Clay,Vessels,138.jpg
108,RC-205 - Bes Bottle,Egyptian,26 - 31ST,525 - 332 BCE,Late Period,Clay,Vessels,230.jpg
109,RC-206 - Jar,Egyptian,,305 - 30 BCE,Ptolemaic,Clay,Vessels,944.jpg
110,RC-208 - Flask,Egyptian,27 - 30ST,525-343 BCE,Late Period,Clay,Vessels,945.jpg
111,RC-209 - Pitcher,Egyptian,,305 - 30 BCE,Ptolemaic,Clay,Vessels,406.jpg
112,RC-210 - Syrian Flask with One Handle,Egyptian,18-20TH,1570-1070 BCE,New Kingdom,Clay,Vessels,496.jpg
113,RC-211 - Bottle,Egyptian,27 - 31ST,525 - 332 BCE,Late Period,Clay,Vessels,340.jpg
114,RC-212 - Jar with One Handle,Egyptian,27 - 31ST,525 - 332 BCE,Late Period,Clay,Vessels,946.jpg
115,RC-214 - Jar,Egyptian,,30 BCE - 323 CE,Greco-Roman,Clay,Vessels,823.jpg
116,RC-216 - Bes Jar,Egyptian,27 - 31ST,525 - 332 BCE,Late Period,Clay,Vessels,745.jpg
117,RC-217 - Bes Jar with Two Handles,Egyptian,27 - 31ST,525 - 332 BCE,Late Period,Clay,Vessels,125.jpg
118,RC-218 - Jar with One Handle,Egyptian,,332-31 BCE,Ptolemaic,Clay,Vessels,542.jpg
119,RC-219 - Jar,Egyptian,27 - PTOLEMAIC,525 - 30 BCE,Late Period,Clay,Vessels,208.jpg
120,RC-225 - Ibis Mummy,Egyptian,,332 BCE - 395 CE,Ptolemaic To Roman,Animal Remains,Funerary,947.jpg
121,RC-226 - Ibis Mummy,Egyptian,,,,Animal Remains,Funerary,948.jpg
122,RC-227 - Winged Heart Scarab,Egyptian,,,,Varigated Marble,Amulets,448.jpg
123,RC-231 - Osiris Head,Egyptian,,,,Wood,Sculpture,926.jpg
124,RC-232 - Amulet/ Seal,Egyptian,,,,Sandstone,Amulets,899.jpg
125,RC-234 - Sobek,Egyptian,,332 BCE - 395 CE,Greco-Roman,Sandstone,Sculpture,497.jpg
126,RC-237 - Canopic Jar and Lid,Egyptian,,,,Limestone,Vessels,532.jpg
127,RC-240 - Spoon,Egyptian,3 - 6TH ?,2686 - 2181 BCE ?,Old Kingdom ?,Banded Calcite,Vessels,49.jpg
128,RC-241 - Deity,Egyptian,,,,Slate Or Stone,Sculpture,949.jpg
129,RC-245 - Uatch Amulet,Egyptian,,,,Faience,Amulets,670.jpg
130,RC-246 - Canopic Jar/ Without Lid,Egyptian,,,,Banded Calcite,Vessels,696.jpg
131,RC-247 - Pectoral Ornament,Egyptian,,,,Porcelain,Jewelry,383.jpg
132,RC-250 - Canopic Jar Box,Egyptian,,332 BCE - 323 CE,Greco-Roman,Wood,Funerary,116.jpg
133,RC-252 - Arabic Lamp,Oriental,,,,Terra Cotta,Lamps,819.jpg
134,RC-253 - Arabic Boat Lamp,Oriental,,,,Steatite,Lamps,861.jpg
135,RC-254 - Arabic Lamp,Oriental,,642 CE - ?,Arab Conquest,Soapstone,Lamps,246.jpg
136,RC-256 - Fertility Figure,Egyptian,,1784-1570 BCE,,Terracotta,Sculpture,227.jpg
137,RC-259 - Incense Burner,Egyptian,,685-343 BCE,Late Period,Bronze,Ritual Objects,295.jpg
138,RC-263 - Amen-Ra Headdress,Egyptian,,,Late Ptolemaic/Roman,Wood,Sculpture,168.jpg
139,RC-266 - Pottery Fragment,Egyptian,18-20TH,1570-1070 BCE,New Kingdom,Clay,Vessels,304.jpg
140,RC-267 - Mask/ Coffin Fragment,Egyptian,,305 - 30 BCE,Ptolemaic,Wood,Funerary,424.jpg
141,RC-270 - Nub-Maat-Ra Scarab,Egyptian,18TH,1570 - 1293 BCE,New Kingdom,,Amulets,685.jpg
142,RC-275 - Winged Scarab/ Without Wings,Egyptian,,,,Faience,Amulets,738.jpg
143,RC-289 - Wadjet Ring,Egyptian,,,,Faience,Jewelry,681.jpg
144,RC-290 - Horemheb Finger Ring,Egyptian,19TH,1319 - 1292 BCEE,New Kingdom,Faience,Jewelry,501.jpg
145,RC-293 - Mirror/ Papyrus Shaped Handle,Egyptian,11 - 12TH,2061-1784 BCE,Middle Kingdom,Bronze,Toiletries,739.jpg
146,RC-294 - Shawabti,Egyptian,18 - 20TH,1570 - 1070 BCE,New Kingdom,Steatite Stone ?,Ritual Objects,97.jpg
147,RC-298 - Seated Young Horus,Egyptian,,,,Bronze,Sculpture,875.jpg
148,RC-299 - Pharaoh with Offering,Egyptian,,,,Bronze,Sculpture,593.jpg
149,RC-303 - Libation Vase with One Handle,Egyptian,,,,Banded Calcite,Vessels,951.jpg
150,RC-310 - Contract Tablet,Mesopotamian,,2112 - 2004 BCE,Sumerian,Clay,Sumerian,9.jpg
151,RC-321 - Contract Tablet/ Tag,Mesopotamian,,2112 - 2004 BCE,,Clay,Sumerian,538.jpg
152,RC-334 - Anu Household God,Mesopotamian,,3000 BCE,Sumerian,Clay,Sumerian,801.jpg
153,RC-336 - Household God,Mesopotamian,,1000 BCE,Neo Babylonian,Clay,Babylonian,565.jpg
154,RC-338 - Ishtar Household Goddess,Mesopotamian,,1000 - 609 BCE,Neo Assyrian,Clay,Assyrian,188.jpg
155,RC-339 - Household God,Mesopotamian,,538 BCE - 75 CE,Late Babylonian,Clay,Babylonian,595.jpg
156,RC-340 - Amulet Necklace/ Double Strand,Egyptian,28TH,404 - 399 BCE,Late Period,Faience,Jewelry,850.jpg
157,RC-350 - Amulet Necklace,Egyptian,,30 BCE - 323 CE,Greco-Roman,Glass,Jewelry,135.jpg
158,RC-353 - Osiris Amulet,Egyptian,27 - 31ST,525 - 332 BCE,Late Period,Bronze,Amulets,109.jpg
159,RC-354 - Razor/ Knife,Egyptian,18TH,1570 - 1293 BCE],New Kingdom,Bronze,Toiletries,75.jpg
160,RC-355 - Heart Scarab/ Uninscribed,Egyptian,18 - 20TH TO ?,1570 - 1070 BCE,New Kingdom To Later,Serpentine,Amulets,334.jpg
161,RC-356 - Heart Scarab,Egyptian,18 - 20TH ?,1570 - 1070 BCE ?,New Kingdom Or Later,Stone,Amulets,679.jpg
162,RC-358 - Pharaoh Head Fragment,Egyptian,18TH,1570-1293 BCE,New Kingdom,Sandstone,Sculpture,457.jpg
163,RC-359 - Offering Table,Egyptian,,,Ptolemaic,Sandstone,Ritual Objects,385.jpg
164,RC-360 - Offering Table,Egyptian,,,,Sandstone,Ritual Objects,700.jpg
165,RC-361 - Flint Implement,Egyptian,,4000 - 3050 BCE,Late Paleolithic,Jasper,Tools,844.jpg
166,RC-362 - Flint Implement,Egyptian,,"48,000 BCE",Late Paleolithic,Jasper,Tools,665.jpg
167,RC-363 - Flint Implement,Egyptian,,6000 - 3500 BCE,Late Paleolithic,Rhyolite,Tools,795.jpg
168,RC-367 - Apis Bull Head Mummy,Egyptian,19TH,1549-1069 BCE,New Kingdom,Animal Remains,Funerary,103.jpg
169,RC-368 - Nebuchadnezzar Cylinder,Mesopotamian,,604-562 BCE,Late Babylonian,Clay,Babylonian,148.jpg
170,RC-375 - Harpocrates,Egyptian,,332 - 323 BCE,Greco-Roman,Bronze,Sculpture,952.jpg
171,RC-381 - Amphora,Egyptian,,1st or 2nd c. BCE,Ptolemaic-Roman,Glass,Vessels,953.jpg
172,RC-382 - Amphora,Egyptian,26TH,685 - 525 BCE,Saite Period,Glass,Vessels,522.jpg
173,RC-383 - Amphora,,,30 BCE - 395 CE,Roman,Glass,Vessels,954.jpg
174,RC-384 - Amphora,Egyptian,,525 - 332 BCE,Late Period,Glass,Vessels,955.jpg
175,RC-385 - Alabastron,Egyptian,,332 - 30 BCE,Ptolemaic,Glass,Toiletries,956.jpg
176,RC-386 - Alabastron,Egyptian,,332-31 BCE,Ptolemaic,Glass,Toiletries,957.jpg
177,RC-387 - Alabastron,Egyptian,27 - 30th,525 - 343 BCE,Late Period,Amethystine Glass,Toiletries,958.jpg
178,RC-388 - Amphora,Egyptian,,332-31 BCE,Ptolemaic,Glass,Vessels,959.jpg
179,RC-389 - Amphora,Egyptian,,332-31 BCE,Ptolemaic,Glass,Vessels,960.jpg
180,RC-391 - Double Unguentorium,Egyptian,26TH,685 - 395 CE,Saite Or Late Roman,Glass,Toiletries,961.jpg
181,RC-392 - Double Unguentorium,Egyptian,,685 BCE - 395 CE,Saite Or Late Roman,Glass,Toiletries,193.jpg
182,RC-393 - Shawabti Coffin,Egyptian,18-20TH,1570- 1070 BCE,New Kingdom,Cedarwood,Ritual Objects,293.jpg
183,RC-394 - Pot,Mesopotamian,,2400 - 2100 BCE,Old Akkadian,Terracotta,Sumerian,908.jpg
184,RC-395 - Pot,Mesopotamian,,604 - 562 BCE,Late Babylonian,Glazed Terracotta,Babylonian,452.jpg
185,RC-396 - Pot,Mesopotamian,,604 - 562 BCE,Late Babylonian,Terracotta,Babylonian,170.jpg
186,RC-397 - Pot,Mesopotamian,,2000 BCE,Old Assyrian,Terracotta,Assyrian,622.jpg
187,RC-398 - Pot,Mesopotamian,,3200 BCE ?,Sumerian,Terracotta,Sumerian,922.jpg
188,RC-399 - Water Strainer,Mesopotamian,,,,Terracotta,Assyrian,401.jpg
189,RC-400 - Vase,Mesopotamian,,2400 BCE,Sumerian,Limestone,Sumerian,485.jpg
190,RC-401 - Crucible,Mesopotamian,,2400 BCE,Sumerian,Stone,Sumerian,143.jpg
191,RC-404 - Leg Fragment,Egyptian,,525-343 BCE,Late Period,Black Granite,Sculpture,215.jpg
192,RC-419 - Spindle-Whorl,Egyptian,18TH,1380-1350 BCE,Amarna,Wood,Tools,633.jpg
193,RC-420 - Spindle-Whorl,Egyptian,18TH,1380-1350 BCE,Amarna,Wood,Tools,842.jpg
194,RC-421 - Spindle-Whorl,Egyptian,18TH,1380-1350 BCE,Amarna,Wood,Tools,476.jpg
195,RC-422 - Shawabti Box with Lid,Egyptian,,2134-1784 BCE,Middle Kingdom,Wood,Ritual Objects,150.jpg
196,RC-425 - Basket Frame,Egyptian,18TH,1380 - 50 BCE,Amarna,Reed,Basketry,322.jpg
197,RC-426 - Basket Fragment,Egyptian,18TH,1380 - 62 BCE,Amarna,Reed,Basketry,18.jpg
198,RC-431 - Lion's Head Downspout,Egyptian,,332-31 BCE,Ptolemaic,Terracotta,Sculpture,367.jpg
199,RC-433 - Grape Cluster,Egyptian,18TH,1346-1336 BCE,Amarna,Glazed Clay,Sculpture,858.jpg
200,RC-442 - Weight,Egyptian,18TH,1570-1293 BCE,Amarna,Limestone,Tools,876.jpg
201,RC-443 - Dish,Egyptian,18TH,1353 - 35 BCE,Amarna,Limestone,Vessels,809.jpg
202,RC-444 - Jar Holder,Egyptian,18TH,1370-1350 BCE,Amarna,Stone,Vessels,804.jpg
203,RC-445 - Water Trough,Egyptian,18TH,1370-1350 BCE,Amarna,Limestone,Vessels,776.jpg
204,RC-446 - Mortar,Egyptian,18TH,1370-1350 BCE,Amarna,Alabaster,Tools,529.jpg
205,RC-447 - Sphere/ Pestle,Egyptian,18TH,1370-1350 BCE,Amarna,Stone,Tools,50.jpg
206,RC-449 - Spinning Bowl,Egyptian,18TH,1353 - 35 BCE,Amarna,Limestone,Tools,156.jpg
207,RC-450 - Jar Holder,Egyptian,18TH,1370-1350 BCE,Amarna,Stone,Vessels,127.jpg
208,RC-451 - Seat,Egyptian,18TH,1370-1350 BCE,Amarna,Stone,Furniture,906.jpg
209,RC-453 - Wheel,Egyptian,,,,Metal,Tools,363.jpg
210,RC-454 - Anubis,Egyptian,,305 - 30 BCE,Ptolemaic,Bronze,Sculpture,962.jpg
211,RC-455 - Eye,Egyptian,26TH,685-525 BCE,Saite Period,Bronze,Funerary,59.jpg
212,RC-456 - Sewn Leather Fragments/Mounted,Egyptian,19TH,1293 - 1185 BCE,New Kingdom,Leather,Toiletries,264.jpg
213,RC-459 - Amulet,Egyptian,,30 BCE - 323 CE,Greco-Roman,Glass,Amulets,963.jpg
214,RC-462 - Amphora,Egyptian,,332 - 30 BCE,Ptolemaic,Glass,Vessels,107.jpg
215,RC-464 - Boat Model Figure,Egyptian,11-12th,2100 - 1790 BCE,Middle Kingdom,Wood,Sculpture,964.jpg
216,RC-465 - Boat Model Figure,Egyptian,11-12th,2100 - 1790 BCE,Middle Kingdom,Wood,Sculpture,965.jpg
217,RC-466 - Boat Model Figure,Egyptian,11 - 12TH,2100-1790 BCE,Middle Kingdom,Wood,Sculpture,966.jpg
218,RC-472 - Triple Osiris Amulet,Egyptian,26TH,663 - 525 BCE,3rd Intermediate,Bronze,Amulets,450.jpg
219,RC-475 - Axe Head/ Circular,Egyptian,11 - 12TH,2040 - 1782 BCE,Middle Kingdom,Bronze,Tools,704.jpg
220,RC-478 - Plaque,Mesopotamian,,,,Terracotta,,712.jpg
221,RC-480 - Funerary Boat,Egyptian,12TH,2066-1650 BCE,Middle Kingdom,Wood,Sculpture,741.jpg
222,RC-483 - Brewery Tomb Model,Egyptian,12TH,2066-1650 BCE,Middle Kingdom,Wood,Funerary,428.jpg
223,RC-484 - Boat Model,Egyptian,11TH,2061-1991 BCE,Middle Kingdom,Wood,Sculpture,591.jpg
224,RC-485 - Boat Model,Egyptian,12TH,1991-1784 BCE,Middle Kingdom,Wood,Sculpture,967.jpg
225,RC-487 - Mask/ Coffin Fragment,Egyptian,19-26TH,1293-525 BCE,New Kingdom-3rd Int.,Wood,Funerary,256.jpg
226,RC-490 - Isis Figure,Egyptian,,305 - ?,Ptolemaic - Later,Wood,Sculpture,968.jpg
227,RC-491 - Hawk,Egyptian,,,,Wood,Sculpture,386.jpg
228,RC-492 - Mask/ Coffin Fragment,Egyptian,,,,Wood,Funerary,874.jpg
229,RC-493 - Boat Model,Egyptian,,,,Wood,Sculpture,969.jpg
230,RC-494 - Funereal Panel,Egyptian,,,,Wood,Funerary,56.jpg
231,RC-495 - Mummy Case Fragment,Egyptian,,525-343 BCE,Late Period,Cartonnage,Funerary,77.jpg
232,RC-496 - Funerary Chest Fragment,Egyptian,,,,Wood,Funerary,772.jpg
233,RC-497 - Breastplate Fragment,Egyptian,,,,Cartonnage,Funerary,166.jpg
234,RC-499 - Breastplate Fragment,Egyptian,,,,Cartonnage,Funerary,260.jpg
235,RC-501 - Mummy Case Fragment,Egyptian,,,,Cartonnage,Funerary,458.jpg
236,RC-502 - Stele,Egyptian,,,,Wood,Funerary,798.jpg
237,RC-504 - Stele,Egyptian,26-30,685-343 BCE,Late Period,Wood,Funerary,460.jpg
238,RC-505 - Funerary Cone,Egyptian,19TH,1290 - 1224 BCE,New Kingdom,Clay,Epigraphy,886.jpg
239,RC-506 - Head Fragment,Egyptian,,,?,Gabbro,Sculpture,301.jpg
240,RC-510 - Mummy Case Fragment,Egyptian,,,,Cartonnage,Funerary,780.jpg
241,RC-512 - Bird,Egyptian,,300 BCE,Ptolemaic,Wood,Sculpture,713.jpg
242,RC-513 - Hawk,Egyptian,,300 BCE,Ptolemaic,Wood,Sculpture,20.jpg
243,RC-514 - Anubis Head,Egyptian,,,,Wood,Funerary,970.jpg
244,RC-515 - Bird,Egyptian,,300 BCE,Ptolemaic,Wood,Sculpture,864.jpg
245,RC-516 - Hawk,Egyptian,,300 BCE,Ptolemaic,Wood,Sculpture,869.jpg
246,RC-517 - Hawk,Egyptian,,200 BCE,Ptolemaic,Wood,Sculpture,729.jpg
247,RC-518 - Hawk,Egyptian,,200 BCE,Ptolemaic,Wood,Sculpture,286.jpg
248,RC-519 - Hawk,Egyptian,,200 BCE,Ptolemaic,Wood,Sculpture,541.jpg
249,RC-520 - Hawk,Egyptian,,300 BCE,Ptolemaic,Wood,Sculpture,32.jpg
250,RC-522 - Shawabti,Egyptian,,2134-1784 BCE,Middle Kingdom,Wood,Ritual Objects,852.jpg
251,RC-523 - Shawabti,Egyptian,,1570-1070 BCE,Ptolemaic,Wood,Ritual Objects,657.jpg
252,RC-524 - Shawabti,Egyptian,,1570-1070 BCE,New Kingdom,Wood,Ritual Objects,854.jpg
253,RC-525 - Shawabti,Egyptian,26TH,c. 685-525 BCE,Saite Period,Cedarwood ?,Ritual Objects,971.jpg
254,RC-526 - Shawabti,Egyptian,,1570-1070 BCE,New Kingdom,Wood,Ritual Objects,754.jpg
255,RC-527 - Mummiform Shawabti,Egyptian,,1570-1070 BCE,New Kingdom,Wood,Ritual Objects,972.jpg
256,RC-528 - Shawabti,Egyptian,,1570-1070 BCE,New Kingdom,Wood,Ritual Objects,973.jpg
257,RC-530 - Shawabti,Egyptian,,1570-1070 BCE,New Kingdom,Wood,Ritual Objects,759.jpg
258,RC-532 - Shawabti,Egyptian,26TH,685-525 BCE,Saite Period,Faience,Ritual Objects,974.jpg
259,RC-535 - Shawabti,Egyptian,,,?,Terracotta,Ritual Objects,890.jpg
260,RC-536 - Shawabti Fragment,Egyptian,,1570-1070 BCE,New Kingdom,Terracotta,Ritual Objects,977.jpg
261,RC-538 - Shawabti,Egyptian,,1570-686 BCE,New Kingdom Or Later,Terracotta,Ritual Objects,516.jpg
262,RC-539 - Shawabti,Egyptian,,,?,Terracotta,Ritual Objects,978.jpg
263,RC-541 - Tomb Figure/ Upper Part,Egyptian,,,,Limestone Or Plaster,Ritual Objects,979.jpg
264,RC-547 - Shawabti,Egyptian,,,?,Wood,Ritual Objects,980.jpg
265,RC-548 - Seated Figure,Egyptian,,,,Clay,Sculpture,981.jpg
266,RC-549 - Taurt Fragment,Egyptian,,,,Clay,Sculpture,274.jpg
267,RC-550 - Uraeus,Egyptian,,,,Wood,Sculpture,982.jpg
268,RC-551 - Tomb Figure/ Concubine,Egyptian,,,,Ivory,Sculpture,727.jpg
269,RC-554 - Khnoum Headdress,Egyptian,,,,Wood,Sculpture,855.jpg
270,RC-558 - Comb Fragment,Egyptian,18TH,1370 BCE,New Kingdom,Wood,Toiletries,30.jpg
271,RC-561 - Seated Figure,Egyptian,,343-332 BCE,Ptolemaic,Clay,Sculpture,983.jpg
272,RC-562 - Faience Ball,Egyptian,18TH,1549-1069 BCE,New Kingdom,Glazed Clay,Toys Or Jewelry,344.jpg
273,RC-568 - Shawabti Fragment/ Feet,Egyptian,,,?,Faience,Ritual Objects,73.jpg
274,RC-569 - Shawabti Fragment/ Thigh,Egyptian,,,?,Faience,Ritual Objects,157.jpg
275,RC-571 - Relief Fragment,Egyptian,,,,Limestone,Sculpture,420.jpg
276,RC-576 - Anubis Tail,Egyptian,,,,Wood,Sculpture,39.jpg
277,RC-577 - Tyet Amulet,Egyptian,,,,Wood,Amulets,349.jpg
278,RC-578 - Bull Foreleg Amulet,Egyptian,,,,Wood,Amulets,271.jpg
279,RC-579 - Djed Amulet,Egyptian,,,,Wood,Amulets,678.jpg
280,RC-580 - Symbol,Egyptian,,,,Wood,Funerary,736.jpg
281,RC-581 - Coffin Panel Fragment,Egyptian,,,,Wood,Funerary,623.jpg
282,RC-582 - Horus Hawk Amulet,Egyptian,,,,Wood,Amulets,859.jpg
283,RC-583 - Panel Fragment,Egyptian,,,,Wood,Funerary,984.jpg
284,RC-584 - Head Fragment From Vessel,Egyptian,,,,Clay,Vessels,498.jpg
285,RC-585 - Harp Musician Fragment,Egyptian,,,,Clay,Sculpture,921.jpg
286,RC-586 - Ostraka,Egyptian,,,,Clay,Epigraphy,519.jpg
287,RC-587 - Ostraka,Egyptian,,,,Clay,Epigraphy,467.jpg
288,RC-588 - Ostraka,Egyptian,,,,Clay,Epigraphy,730.jpg
289,RC-593 - Ostraka,Egyptian,27 - 31ST,525 - 332 BCE,Late Period,Clay,Epigraphy,562.jpg
290,RC-598 - Coffin Panel,Egyptian,,,,Wood,Funerary,574.jpg
291,RC-599 - Coffin Panel,Egyptian,,525-343 BCE,Late Period,Wood,Funerary,493.jpg
292,RC-600 - Coffin Panel,Egyptian,,,,Wood,Funerary,733.jpg
293,RC-601 - Male Mummy Portrait,Egyptian,,,,Wood,Funerary,481.jpg
294,RC-605 - Mummy Case Fragment,Egyptian,,,,Cartonnage,Funerary,599.jpg
295,RC-606 - Ptah-Seker-Ausar,Egyptian,,,,Wood,Sculpture,243.jpg
296,RC-607 - Funerary Chest,Egyptian,,,,Wood,Funerary,444.jpg
297,RC-608 - Cat Mummy Coffin,Egyptian,,,Saite Or Later,Wood,Sculpture,288.jpg
298,RC-609 - Coffin Panel,Egyptian,21,21st dynasty,Late Period,Wood,Funerary,439.jpg
299,RC-612 - Coffin Panel,Egyptian,,,,Wood,Funerary,707.jpg
300,RC-613 - Coffin Panel,Egyptian,,,,Wood,Funerary,2.jpg
301,RC-615 - Judgment Scene,Egyptian,19TH,1298-1189 BCE,New Kingdom,Wood,Funerary,353.jpg
302,RC-616 - Coffin Panel,Egyptian,,,,Wood,Funerary,184.jpg
303,RC-617 - Coffin Panel Fragment,Egyptian,,,,Wood,Funerary,299.jpg
304,RC-622 - Stele Fragment,Egyptian,,,,Wood,Funerary,111.jpg
305,RC-623 - Funerary Chest,Egyptian,,,,Wood,Funerary,369.jpg
306,RC-625 - Ptah-Seker-Ausar Base,Egyptian,,,,Wood,Sculpture,484.jpg
307,RC-626 - Mummy Case Fragment,Egyptian,,,,Cartonnage,Funerary,688.jpg
308,RC-632 - Striding Goddess,Egyptian,,,,Faience,Sculpture,807.jpg
309,RC-636 - Hathor Head Sistrum Base,Egyptian,,c. 30 BCE,Greco-Roman,Faience,Musical Instruments,877.jpg
310,RC-658 - Khnum,Egyptian,,332 - 30 BCE,Ptolemaic,Stone,Sculpture,985.jpg
311,RC-660 - Ape Amulet,Egyptian,,,,Clay,Amulets,113.jpg
312,RC-666 - Mirror,Egyptian,,,,Bronze,Toiletries,817.jpg
313,RC-667 - Osiris Amulet,Egyptian,,,,Bronze,Amulets,986.jpg
314,RC-668 - Osiris Amulet,Egyptian,,,,Bronze,Amulets,183.jpg
315,RC-669 - Young Horus Amulet,Egyptian,,,,Bronze,Amulets,987.jpg
316,RC-670 - Osiris Amulet,Egyptian,,,,Bronze,Amulets,988.jpg
317,RC-675 - Arrow Head,Egyptian,,,,Bronze,Tools,873.jpg
318,RC-681 - Ape Amulet,Egyptian,,,,Bronze,Amulets,989.jpg
319,RC-682 - Situlae,Egyptian,,332 BCE - 395 CE,Greco-Roman,Bronze,Ritual Objects,990.jpg
320,RC-683 - Waterbird Leg and Foot,Egyptian,,,,Bronze,Sculpture,917.jpg
321,RC-684 - Hathor Cow Amulet,Egyptian,,,,Bronze,Amulets,991.jpg
322,RC-685 - Ba,Egyptian,19TH,1293 - 1185 BCE,New Kingdom,Wood,Sculpture,91.jpg
323,RC-686 - Tutankhamun Ring,Egyptian,18TH,1323 - 1319 BCE,New Kingdom,Faience,Jewelry,705.jpg
324,RC-687 - Granary Model,Egyptian,11TH,Dynasty 11,Middle Kingdom,Wood,Sculpture,518.jpg
325,RC-688 - Ishtar Coffin Fragment,Mesopotamian,,,,Faience,Babylonian,282.jpg
326,RC-693 - Ishtar Head,Mesopotamian,,625 BCE - 75 CE,Late Babylonian,,Babylonian,674.jpg
327,RC-694 - Phallic Goddess,Mesopotamian,,2000 BCE,,,Babylonian,594.jpg
328,RC-695 - Goddess Face,Mesopotamian,,,,,Babylonian,664.jpg
329,RC-696 - Ishtar,Mesopotamian,,625 BCE - 75 CE,Late Babylonian,,Babylonian,898.jpg
330,RC-699 - Contract Tablet,Mesopotamian,,2350 BCE,Sumerian,Clay,Sumerian,192.jpg
331,RC-700 - Contract Tablet,Mesopotamian,,2350 BCE,Sumerian,Clay,Sumerian,830.jpg
332,RC-705 - Contract Tablet/ Sealed,Mesopotamian,,2350 BCE,Sumerian,Clay,Sumerian,229.jpg
333,RC-707 - Contract Tablet Fragment,Mesopotamian,,2350 BCE,Early Dynastic,Clay,Sumerian,219.jpg
334,RC-708 - Stars & Planets Tablet,Mesopotamian,,2750 BCE,Neo Assyrian,Clay,Assyrian,647.jpg
335,RC-713 - Medical Text,Mesopotamian,,1000 - 625 BCE,Neo Babylonian,Clay,Babylonian,561.jpg
336,RC-718 - Mummy Case Fragment,Egyptian,,,,Cartonnage,Funerary,105.jpg
337,RC-719 - Mummy Case Fragment,Egyptian,,525-343 BCE,Late Period,Cartonnage,Funerary,891.jpg
338,RC-720 - Mummy Case Fragment,Egyptian,,,,Cartonnage,Funerary,524.jpg
339,RC-721 - Mummy Case Fragment,Egyptian,,,,Cartonnage,Funerary,578.jpg
340,RC-722 - Mummy Case Fragment,Egyptian,,,,Cartonnage,Funerary,911.jpg
341,RC-723 - Coffin Fragment,Egyptian,,,,Wood,Funerary,195.jpg
342,RC-724 - Mummy Case Fragment,Egyptian,,,,Cartonnage,Funerary,162.jpg
343,RC-725 - Mummy Case Fragment,Egyptian,,,,Cartonnage,Funerary,387.jpg
344,RC-736 - Nefertiti Bust,Egyptian,,Modern - 1930s,Modern,Plaster,Replica,993.jpg
345,RC-738 - Canopic Jar and Lid,Egyptian,,,,Limestone,Vessels,261.jpg
346,RC-741 - Isis Protecting Horus,Egyptian,,1784-1570 BCE,2nd Intermediate,Wood,Sculpture,69.jpg
347,RC-750 - Administrative Tablet,Mesopotamian,,2350 BCE,Sumerian,Clay,Sumerian,572.jpg
348,RC-751 - Brick,Mesopotamian,,,,Glazed Clay,Babylonian,80.jpg
349,RC-760 - Hawk,Egyptian,,,,Wood,Sculpture,206.jpg
350,RC-770 - Vase,Egyptian,,,,Banded Calcite,Vessels,644.jpg
351,RC-771 - Bowl,Egyptian,18TH,1500 BCE,New Kingdom,Basalt Porphyry,Vessels,573.jpg
352,RC-776 - Coin,Egyptian,,1100 - 1200 CE,Coptic/Byzantine,Glass,Coins,269.jpg
353,RC-818 - Offering Table/Sculptors Model,Egyptian,18TH,1570-1293 BCE,Amarna,Limestone,Ritual Objects/ Scul,300.jpg
354,RC-819 - Aton Rays Relief Fragment,Egyptian,18TH,1353 - 35 BCE,Amarna,Stone,Epigraphy,451.jpg
355,RC-822 - Takirtut Coffin Fragment,Egyptian,,300 BCE,Ptolemaic,Wood,Funerary,237.jpg
356,RC-824 - Wine Jar,Egyptian,19TH,1293 - 1185 BCE,New Kingdom,Clay,Vessels,994.jpg
357,RC-825 - Wine Jar with Two Handles,Egyptian,1 or 2,4000 - 3050 BCE,Early Dynastic,Clay,Vessels,508.jpg
358,RC-828 - Contract Tablet/ Sealed,Mesopotamian,,2112 - 2004 BCE,,Clay,Sumerian,161.jpg
359,RC-832 - Contract Tablet/ Sealed,Mesopotamian,,2112 - 2004 BCE,,Clay,Sumerian,826.jpg
360,RC-844 - Contract Tablet/ Sealed,Mesopotamian,,,,Clay,,411.jpg
361,RC-847 - Contract Tablet/ Sealed,Mesopotamian,,,,Clay,,179.jpg
362,RC-848 - Contract Tablet/ Sealed,Mesopotamian,,,,Clay,,904.jpg
363,RC-861 - Contract Tablet,Mesopotamian,,,,Clay,,396.jpg
364,RC-868 - Contract Tablet,Mesopotamian,,,,Clay,Babylonian,775.jpg
365,RC-892 - Contract Tablet,Mesopotamian,,,,Clay,,816.jpg
366,RC-930 - Literary Tablet,Mesopotamian,,,,Clay,,735.jpg
367,RC-944 - Capital,Egyptian,,,,Silver,Sculpture,429.jpg
368,RC-947 - Mummiform Doll,Egyptian,18TH,1375 BCE,Amarna,,Toys/Games,430.jpg
369,RC-948 - Shawabti/ Overseer,Egyptian,,1070-656 BCE,3rd Intermediate,Faience,Ritual Objects,425.jpg
370,RC-958 - Cartouche Relief Fragment,Egyptian,18TH,1353 - 1335 BCE,Amarna,Stone,Epigraphy,139.jpg
371,RC-960 - Altar Lectern Relief Fragment,Egyptian,18TH,1353 - 1335 BCE,Amarna,Limestone,Epigraphy,582.jpg
372,RC-962 - Cartouche Fragment,Egyptian,18TH,1353 - 35 BCE,Amarna,Aswan Granite,Epigraphy,112.jpg
373,RC-1032 - Mirror/ Without Handle,Egyptian,18 - 20TH,1570 - 1070 BCE,New Kingdom,Bronze,Toiletries,812.jpg
374,RC-1040 - Ba,Egyptian,,30 BCE - 323 CE,Greco-Roman,Wood,Sculpture,631.jpg
375,RC-1047 - Brick,Mesopotamian,,,,Glazed Clay,Sumerian,651.jpg
376,RC-1050 - Contract Tablet Frag/ Sealed,Mesopotamian,,500 - 450 BCE,Late Babylonian,Clay,Babylonian,327.jpg
377,RC-1053 - Administrative Tablet,Mesopotamian,,595 BCE,Late Babylonian,Clay,Babylonian,276.jpg
378,RC-1055 - Tag/ Sealed,Mesopotamian,,2004 - 1595 BCE,Old Babylonian,Clay,Babylonian,267.jpg
379,RC-1059 - Lute-Player Ring,Egyptian,18,,New Kingdom,Faience,Jewelry,882.jpg
380,RC-1066 - Battle Axe,Egyptian,18TH,1570 - 1293 BCE,New Kingdom,Bronze,Tools,790.jpg
381,RC-1070 - Bell,Egyptian,12TH,"2,000 BCE",Middle Kingdom,Bronze,Musical Instruments,920.jpg
382,RC-1071 - Fish Hook,Egyptian,,395-641 CE,Late Roman,Bronze,Tools,901.jpg
383,RC-1073 - Harpoon,Egyptian,,323 - 500 CE,Coptic/Byzantine,Iron,Tools,431.jpg
384,RC-1076 - Comb,Egyptian,,100-200 CE,Coptic/Byzantine,Boxwood,Toiletries,164.jpg
385,RC-1079 - Kohl Grinding Pallet,Egyptian,11TH,2100 BCE,Middle Kingdom,Marble,Toiletries,708.jpg
386,RC-1083 - Vase,Egyptian,4TH,2780 BCE,Old Kingdom,Banded Calcite,Vessels,142.jpg
387,RC-1084 - Vessel,Egyptian,4 - 5TH,2720 BCE,Old Kingdom,Banded Calcite,Vessels,634.jpg
388,RC-1091 - Wadjet Amulet,Egyptian,,,,Carnelian,Amulets,489.jpg
389,RC-1092 - Wadjet Amulet,Egyptian,,,,Stone,Amulets,619.jpg
390,RC-1093 - Wadjet Amulet,Egyptian,,,,Stone,Amulets,697.jpg
391,RC-1094 - Mummy Eye,Egyptian,,,,Glass,Funerary,129.jpg
392,RC-1096 - Whorl,Egyptian,,200 - 299 CE,Coptic/Byzantine,Ivory,Tools,698.jpg
393,RC-1099 - Bracelet,Egyptian,,30 BCE - 323 CE,Greco-Roman,Glass,Jewelry,549.jpg
394,RC-1108 - Seal Amulet,Egyptian,18 - 20TH,1570 - 1070 BCE,New Kingdom,Steatite,Writing Materials,277.jpg
395,RC-1109 - Hathor Head Cylinder Seal,Egyptian,13TH OR 15TH,1746 - 1567 BCE,2nd Intermediate,Steatite,Writing Materials,834.jpg
396,RC-1111 - Amenemhet Iii Cylinder Seal,Egyptian,12TH,1820 BCE,Middle Kingdom,Steatite,Writing Materials,336.jpg
397,RC-1112 - Senrosret Iii Cylinder Seal,Egyptian,12TH,1991 - 1600 BCE,Middle Kingdom,Steatite,Writing Materials,480.jpg
398,RC-1114 - Hatshepsut Cylinder Seal,Egyptian,18TH,1473 - 1458 BCE,New Kingdom,Glazed Steatite,Writing Materials,699.jpg
399,RC-1117 - Food Offering,Egyptian,,2061-1784 BCE,Middle Kingdom,Faience,Funerary,35.jpg
400,RC-1118 - Food Offering,Egyptian,,2061-1784 BCE,Middle Kingdom,Faience,Funerary,96.jpg
401,RC-1120 - Bracelet,Egyptian,,4000 - 3050 BCE,Predynastic,Ivory,Jewelry,28.jpg
402,RC-1121 - Bracelet,Egyptian,,4000 - 3050 BCE,,Bone,Jewelry,693.jpg
403,RC-1123 - Bracelet,Egyptian,,4000 - 3050 BCE,Predynastic,"""Tortoise Shell-Like Substance""",Jewelry,669.jpg
404,RC-1125 - Pendant Necklace/Double Strand,Egyptian,18TH,1570 - 1293 BCE,New Kingdom,Faience,Jewelry,185.jpg
405,RC-1139 - Shawabti Fragment/ Feet,Egyptian,,,,Terracotta,Ritual Objects,837.jpg
406,RC-1145 - Kohl Jar,Egyptian,,,,Faience,Toiletries,995.jpg
407,RC-1146 - Shirt,Egyptian,,,,Linen,Funerary,996.jpg
408,RC-1147 - Spoon Fragment,Egyptian,11 - 12TH,2134-2061 BCE,Middle Kingdom,Wood,Toiletries,785.jpg
409,RC-1148 - Funerary Chest Panel,Egyptian,11- 12TH ?,2040 - 1782 BCE ?,Middle Kingdom?,Wood,Funerary,364.jpg
410,RC-1150 - Hand Amulet,Egyptian,,,,Faience,Amulets,643.jpg
411,RC-1152 - Amulet Mold,Egyptian,18TH ?,1570 - 1293 BCE ?,New Kingdom,Clay,Tools,714.jpg
412,RC-1155 - Seated Young Horus,Egyptian,,,,Bronze,Sculpture,676.jpg
413,RC-1157 - Double Osiris Amulet Fragment,Egyptian,,,,Bronze,Amulets,469.jpg
414,RC-1159 - Boat Model Figure,Egyptian,11 - 12TH,2100 - 1790 BCE,Middle Kingdom,Wood,Sculpture,505.jpg
415,RC-1161 - Bead Network,Egyptian,18TH,1570 - 1293 BCE,New Kingdom,Faience,Funerary,359.jpg
416,RC-1162 - Amulet Necklace,Egyptian,,,,Faience,Jewelry,402.jpg
417,RC-1171 - Hawk,Egyptian,,332 - 31 BCE,Ptolemaic,Wood,Sculpture,997.jpg
418,RC-1172 - Cord/ Knotted,Egyptian,,,,Cordage,Tools,653.jpg
419,RC-1173 - Boat Model,Egyptian,,,,Wood,Sculpture,3.jpg
420,RC-1179 - Mummy Wrapping,Egyptian,,,,Linen,Funerary,151.jpg
421,RC-1184 - Cornflower Amulet,Egyptian,,,,Glass,Amulets,827.jpg
422,RC-1194 - Ankh Pendant,Egyptian,,,,Faience,Jewelry,731.jpg
423,RC-1199 - Ankh Amulet,Egyptian,,,,Faience,Amulets,437.jpg
424,RC-1213 - Seated Osirian Trinity,Egyptian,18TH,1570-1293 BCE,New Kingdom,Bronze,Sculpture,585.jpg
425,RC-1216 - Shawabti,Egyptian,,685-343 BCE,,Faience,Ritual Objects,48.jpg
426,RC-1220 - Jar,Egyptian,,4000 - 3050 BCE,Predynastic,Clay,Vessels,438.jpg
427,RC-1225 - Terraphim Fragment/ Ishtar,Mesopotamian,,,,Clay,Babylonian,682.jpg
428,RC-1226 - Terraphim Fragment/ Armed God,Mesopotamian,,,,Clay,Babylonian,900.jpg
429,RC-1227 - Plaque Fragment,Mesopotamian,,,,Clay,Babylonian,494.jpg
430,RC-1230 - Funerary Papyrus,Egyptian,27TH,500 BCE,Late Period,Papyrus,Funerary,8.jpg
431,RC-1231 - Kohl Jar,Egyptian,12TH,1991-1784 BCE,Middle Kingdom,Gray Limestone,Toiletries,314.jpg
432,RC-1232 - Inkpot,Egyptian,,,,Gray Limestone,Writing Materials,225.jpg
433,RC-1234 - Palette,Egyptian,,3800 BCE,Predynastic,Slate,Writing Materials,717.jpg
434,RC-1235 - Palette,Egyptian,,4000 - 3050 BCE,Predynastic,Slate,Writing Materials,600.jpg
435,RC-1236 - Bird Palette,Egyptian,,4000 - 3050 BCE,Predynastic,Slate,Writing Materials,146.jpg
436,RC-1237 - Razor,Egyptian,,300 BCE,Ptolemaic,Bronze,Toiletries,520.jpg
437,RC-1238 - Amenhotep III Kohl Tube,Egyptian,18TH,1417-1379 BCE,New Kingdom,Wood,Toiletries,998.jpg
438,RC-1239 - Headrest,Egyptian,3 - 4TH,2705-2525 BCE,Archaic Or Old King.,Wood,Furniture,868.jpg
439,RC-1240 - Mirror with Hathor Head Handle,Egyptian,18TH,1570-1293 BCE,New Kingdom,Bronze,Toiletries,856.jpg
440,RC-1253 - Die,Egyptian,,100 - 500 CE,Coptic Period,Ivory,Toys/Games,895.jpg
441,RC-1254 - Doll Fragment,Egyptian,,100 - 500 CE,Coptic Period,Ivory,Toys/Games,174.jpg
442,RC-1255 - Astragalus,Egyptian,18TH,1570-1293 BCE,New Kingdom,Rock Crystal,Toys/Games,292.jpg
443,RC-1258 - Shawabti,Egyptian,26TH,685 - 525 BCE,Saite Period,Faience,Ritual Objects,580.jpg
444,RC-1261 - Senet Board,Egyptian,18TH,1549-1069 BCE,New Kingdom,Wood,Toys/Games,535.jpg
445,RC-1365 - Animal Amulet,Mesopotamian,,3000 BCE,Sumerian,Marble,Sumerian,710.jpg
446,RC-1367 - Animal Amulet,Mesopotamian,,3000 BCE,Sumerian,Jasper,Sumerian,310.jpg
447,RC-1368 - Animal Amulet,Mesopotamian,,3000 BCE,Sumerian,Marble,Sumerian,235.jpg
448,RC-1395 - Deer Hair Pin,Mesopotamian,,,,Bronze,Persian,278.jpg
449,RC-1396 - Moorish Oriental Lamp,,,1400 - 1599 CE,Modern,Brass,Lamps,226.jpg
450,RC-1425 - Osiris,Egyptian,,,,Bronze,Sculpture,865.jpg
451,RC-1430 - Vase,Egyptian,,2524-2400 BCE,,Limestone,Vessels,84.jpg
452,RC-1445 - Sandal,Egyptian,18 - 20TH TO ?,1570 - ?,New Kingdom To Later,Papyrus Stalks,Toiletries,130.jpg
453,RC-1449 - Vase,,,,,Glass,Vessels,851.jpg
454,RC-1462 - Necklace,Egyptian,,,,,Jewelry,66.jpg
455,RC-1477 - Figure,Egyptian,,,Predynastic,Burned Clay,Sculpture,999.jpg
456,RC-1507 - Imhotep,Egyptian,26TH,600 BCE,3rd Intermediate,Bronze,Sculpture,1000.jpg
457,RC-1508 - Shawabti,Egyptian,26TH,685-525 BCE,Saite Period,Faience,Ritual Objects,975.jpg
458,RC-1510 - Seated Sekhmet,Egyptian,26TH,600 BCE,Saite Period,Faience,Sculpture,1001.jpg
459,RC-1512 - Mirror,Egyptian,18TH,1570-1293 BCE,New Kingdom,Bronze,Toiletries,781.jpg
460,RC-1513 - Razor/Tweezers,Egyptian,26TH,600 BCE,3rd Intermediate,Bronze,Toiletries,813.jpg
461,RC-1550 - Razor,Egyptian,27-30TH,525-343 BCE,Late Period,Bronze,Toiletries,695.jpg
462,RC-1553 - Cup,Egyptian,18TH,1500 BCE,New Kingdom,Faience,Vessels,196.jpg
463,RC-1568 - Bag,Egyptian,18TH,1570 - 1293 BCE,New Kingdom,Hemp,Tools,471.jpg
464,RC-1569 - Sandal,Egyptian,,1570 - ?,New Kingdom Or Later,Split Papyrus Stalks,Toiletries,70.jpg
465,RC-1570 - Gazelle Mummy,Egyptian,20-26,Dynasty 22-Late Period,Late Period,gazelle mummy,Funerary,290.jpg
466,RC-1572 - Striding Thoth,Egyptian,26TH,685 - 525 BCE,Saite,Bronze,Sculpture,1003.jpg
467,RC-1573 - King and Hawk Relief Model,Egyptian,,332-31 BCE,Greek,Limestone,Epigraphy,308.jpg
468,RC-1574 - Bast Cat,Egyptian,26TH,685-525 BCE,Saite Period,Bronze,Sculpture,1006.jpg
469,RC-1575 - Senebi the Overseer,Egyptian,12TH,Middle Kingdom,Middle Kingdom,Wood,Funerary,464.jpg
470,RC-1576 - Axe,Egyptian,26TH,685-525 BCE,3rd Intermediate,Bronze,Tools,887.jpg
471,RC-1580 - Fish Cleaning Relief Fragment,Egyptian,26TH,685-525 BCE,Saite Period,Limestone,Epigraphy,744.jpg
472,RC-1582 - Cleopatra VII,Egyptian,,51-30 BCE,Ptolemaic,Basalt,Sculpture,432.jpg
473,RC-1583 - Striding Pekher-Knonsu,Egyptian,,332-31 BCE,Ptolemaic,Diorite,Sculpture,625.jpg
474,RC-1584 - Stele,Egyptian,18TH,1580 - 1350 BCE,New Kingdom,Stone,Funerary,67.jpg
475,RC-1585 - Early Dynastic Coffin,Egyptian,,3050-2663 BCE,Early Dynastic,Wood,Funerary,78.jpg
476,RC-1586 - Ahnes-Sa-Pa-Iry Stele,Egyptian,18TH,1570-1293 BCE,New Kingdom,Limestone,Funerary,766.jpg
477,RC-1593 - Coffin Fragment/ Head,Egyptian,,,,Clay,Funerary,23.jpg
478,RC-1594 - Bowl,Egyptian,5TH,2524-2400 BCE,Old Kingdom,Stone,Vessels,47.jpg
479,RC-1599 - Shawabti,Egyptian,27 - 31ST,525 - 332 BCE,Late Period,Clay,Funerary,31.jpg
480,RC-1605 - Standing Sekhmet,Egyptian,18TH,1390-1352 BCE,New Kingdom,Gabbro Porphyry,Sculpture,248.jpg
481,RC-1606 - Stele,Egyptian,26TH,685-525 BCE,Saite Period,Wood,Funerary,504.jpg
482,RC-1607 - Cat Mummy,Egyptian,4TH,2630-2524 BCE,Old Kingdom,Animal Remains,Funerary,1007.jpg
483,RC-1608 - Christ Monogram Lamp,,,,,Bronze,Lamps,232.jpg
484,RC-1609 - Balustrade Fragment,Egyptian,18TH,1353 - 35 BCE,Amarna,Limestone,Sculpture,910.jpg
485,RC-1612 - Head Rest,Egyptian,,1570 - 1070 BCE,New Kingdom,Wood,Furniture,490.jpg
486,RC-1619 - Onasses Plaque,Mesopotamian,,800 - 700 BCE,,Terracotta,Babylonian,302.jpg
487,RC-1620 - Ishtar,Mesopotamian,,2500 BCE,Early Dynastic,,Sumerian,68.jpg
488,RC-1621 - Head,Mesopotamian,,700 BCE,Neo Babylonian,Stone,Babylonian,558.jpg
489,RC-1625 - Ornamental Chain,Egyptian,,305 - 30 BCE,Ptolemaic,Iron,Sculpture,303.jpg
490,RC-1626 - Steelyard/ Scale,Egyptian,,30 BCE - 323 CE,Greco-Roman,Bronze,Tools,440.jpg
491,RC-1630 - Hydria Or Urn,,,30 BCE - 395 CE,Roman,Clay,Vessels,263.jpg
492,RC-1631 - Pharaoh's Offering,Egyptian,18TH,1567 - 1320 BCE,New Kingdom,Limestone,Funerary,33.jpg
493,RC-1633 - Canopic Jar,Egyptian,19TH,1350 - 1205 BCE,New Kingdom,Banded Calcite,Vessels,751.jpg
494,RC-1638 - Portrait of Bearded Man,Egyptian,,,,Wood,Funerary,418.jpg
495,RC-1639 - Winged Heart Scarab,Egyptian,,,,Faience,Amulets,838.jpg
496,RC-1644 - Cross with Rose Center,Egyptian,,100 CE,,Limestone,Sculpture,252.jpg
497,RC-1645 - Horus Hawk,Egyptian,26TH,685-525 BCE,Saite Period,Bronze,Sculpture,1008.jpg
498,RC-1646 - Mummy Box,Egyptian,18TH,1570-1293 BCE,New Kingdom,Wood,Funerary,41.jpg
499,RC-1649 - Natron in  Infant Mummiform,Egyptian,,,,Natron,Funerary,46.jpg
500,RC-1650 - Natron Bag,Egyptian,,,,Natron,Tools,843.jpg
501,RC-1651 - Bes on Staff,Egyptian,27 - 31ST,945 - 332 BCE,Late Period,Bronze,Sculpture,165.jpg
502,RC-1652 - Seated Isis/ Without Horus,Egyptian,27 - 31ST,945 - 332 BCE,Late Period,Bronze,Sculpture,380.jpg
503,RC-1653 - Mummy Portrait Head,Egyptian,,332 - 30 BCE,Greco-Roman,,Funerary,104.jpg
504,RC-1654 - Nesy-Keh-He Stele Fragment,Egyptian,,950-500 BCE,Late Period,Limestone,Funerary,598.jpg
505,RC-1671 - Ptahherdis Stele,Egyptian,25 - 26TH,712 - 525 BCE,3rd Intermediate,Basalt,Ritual Objects,1009.jpg
506,RC-1672 - Mummy Ornaments/ Female,Egyptian,,332 - 30 BCE,Ptolemaic,Cartonnage,Funerary,1010.jpg
507,RC-1677 - Tahure Coffin,Egyptian,26TH,685 - 525 BCE,Saite Period,Wood,Funerary,626.jpg
508,RC-1678 - Disure Coffin,Egyptian,18TH,1570 - 1070 BCE,New Kingdom,Wood,Funerary,415.jpg
509,RC-1680 - Mummy of Nesimin,Egyptian,26TH,664-525 BCE,Saite Period,Human Remains,Funerary,65.jpg
510,RC-1681 - Clapper,Egyptian,18TH,1570-1293 BCE,New Kingdom,Ivory,Musical Instruments,1036.jpg
511,RC-1682 - Cosmetic Spoon,Egyptian,18TH,1400 BCE,New Kingdom,Wood,Toiletries,250.jpg
512,RC-1684 - Offering Table,Egyptian,5TH,2524-2400 BCE,Old Kingdom,Limestone,Ritual Objects,885.jpg
513,RC-1686 - Flute,Egyptian,,332-31 BCE,Ptolemaic,Bronze,Musical Instruments,540.jpg
514,RC-1688 - Textile Fragment,Egyptian,,400 CE,Coptic/Byzantine,Linen,Textiles,567.jpg
515,RC-1691 - Tomb Figure,Egyptian,11 - 12 TH,2134 - 1785 BCE,Middle Kingdom,Wood,Funerary,426.jpg
516,RC-1692 - Canopic Lid,Egyptian,,332 - 30 BCE,Ptolemaic,Limestone,Vessels,767.jpg
517,RC-1694 - Gecko on Case,Egyptian,12TH,1991 - 1782 BCE,Middle Kingdom,Bronze,Sculpture,639.jpg
518,RC-1696 - Taurt,Egyptian,,"4,000 - 3050 BCE",Predynastic,Limestone,Sculpture,879.jpg
519,RC-1697 - Taurt,Egyptian,,"4,000 - 3050 BCE",Predynastic,Limestone,Sculpture,238.jpg
520,RC-1704 - Bes Jar,Egyptian,,,3rd Int. Or Later,Clay,Vessels,362.jpg
521,RC-1705 - Bes Jar,Egyptian,,,3rd Int. Or Later,Clay,Vessels,743.jpg
522,RC-1706 - Jar,Egyptian,,,,Terracotta,Vessels,617.jpg
523,RC-1707 - Jar,Egyptian,,,,Clay,Vessels,761.jpg
524,RC-1710 - Mask/ Coffin Fragment,Egyptian,18TH,1500 BCE,New Kingdom,Terra Cotta,Funerary,409.jpg
525,RC-1711 - Head,Egyptian,,,,Clay,Funerary,794.jpg
526,RC-1715 - Chair,Egyptian,18TH,1370-1350 BCE,Amarna,Ebony,Furniture,459.jpg
527,RC-1716 - Dagger with Fish Handle,Mesopotamian,,1000 - 800 BCE,,Bronze,Persian,918.jpg
528,RC-1720 - Pharaoh Relief Fragment,Egyptian,19TH,1293-1185 BCE,New Kingdom,Limestone,Epigraphy,346.jpg
529,RC-1721 - Toutou-Tithoes Relief Fragment,Egyptian,,0 - 100 CE,Late Roman Period,Limestone,Epigraphy,667.jpg
530,RC-1722 - Akhenaten Torso Relief Frag,Egyptian,18TH,1353 - 35 BCE,Amarna,Limestone,Epigraphy,486.jpg
531,RC-1724 - Swimming Cattle Relief,Egyptian,5-6th,2195-2066 BCE,Old Kingdom,Limestone,Epigraphy,395.jpg
532,RC-1725 - Aton Symbol Relief Fragment,Egyptian,18TH,1580 - 1350 BCE,New Kingdom,Limestone,Epigraphy,266.jpg
533,RC-1726 - Pyramidion,Egyptian,18TH,1991 - 1782 BCE,New Kingdom,Limestone,Epigraphy,841.jpg
534,RC-1728 - Stele,Egyptian,25TH,712-656 BCE,3rd Intermediate,Limestone,Funerary,615.jpg
535,RC-1731 - Sistrum,Egyptian,,332-31 BCE,Ptolemaic,Glazed Faience,Musical Instruments,110.jpg
536,RC-1733 - Male Portrait Relief Fragment,Egyptian,18TH,1353 - 35 BCE,Amarna,Limestone,Epigraphy,224.jpg
537,RC-1734 - Aton and Gazelles Relief Fragment,Egyptian,18TH,1353 - 35 BCE,Amarna,Limestone,Epigraphy,551.jpg
538,RC-1735 - Offering Door of Henuti,Egyptian,6TH,Dynasty 5,Old Kingdom,Limestone,Funerary,814.jpg
539,RC-1736 - Seated Germa,Egyptian,26TH,588 - 568 BCE,3rd Intermediate,Limestone,Sculpture,1013.jpg
540,RC-1737 - Shedy-Ptah Relief Fragment,Egyptian,6TH,2400-2250? BCE,Old Kingdom,Limestone,Sculpture,131.jpg
541,RC-1741 - Offering Scene Relief Fragment,Egyptian,18TH,1253 - 35 BCE,Amarna,Sandstone,Epigraphy,231.jpg
542,RC-1743 - Osiris,Egyptian,,,,Bronze,Sculpture,345.jpg
543,RC-1744 - Romano Male Bust,Egyptian,,250 - 270 CE,Greco-Roman,Limestone,Sculpture,719.jpg
544,RC-1745 - Romano-Egyptian Vessel,Egyptian,,00 - 99 CE,Greco-Roman,Faience,Vessels,255.jpg
545,RC-1749 - Business Letter,Mesopotamian,,2004 - 1400 BCE,Old Assyrian,Clay,Assyrian,152.jpg
546,RC-1750 - Palette,Egyptian,,4000 BCE,Predynastic,Slate,Writing Materials,321.jpg
547,RC-1755 - Pharaoh Head,Egyptian,,1570 BCE - 323 CE,New Kingdom Or Later,Sandstone,Sculpture,1014.jpg
548,RC-1756 - Takelot Iii Relief Fragment,Egyptian,,304-30 BCE,Ptolemaic,Limestone,Sculpture,366.jpg
549,RC-1758 - Roman-Egyptian Bowl,Egyptian,,0 - 199 CE,Greco-Roman,Banded Calcite,Vessels,581.jpg
550,RC-1759 - Lady's Faiyum Portrait,Egyptian,,130 CE,Greco-Roman,Wood,Funerary,211.jpg
551,RC-1760 - Offering Scene Relief Fragment,Egyptian,12TH,1991-1782 BCE,Middle Kingdom,Limestone,Epigraphy,25.jpg
552,RC-1761 - Upper Torso Relief Fragment,Egyptian,,305 - 30 BCE,Ptolemaic,Limestone,Epigraphy,726.jpg
553,RC-1762 - Headrest,Egyptian,11 - 12TH,2133 - 1786 BCE,Middle Kingdom,Wood,Furniture,579.jpg
554,RC-1764 - Hapi/ Son of Horus,Egyptian,26 - 30TH,664 - 343 BCE,Late Period,Wood,Sculpture,1004.jpg
555,RC-1767 - Mask/ Coffin Fragment,Egyptian,20TH,1185-1070 BCE,New Kingdom,Wood,Funerary,11.jpg
556,RC-1768 - Shawabti,Egyptian,26TH,663 - 525 BCE,Saite Period,Faience,Ritual Objects,1015.jpg
557,RC-1769 - Seated Osiris,Egyptian,27 - 31ST,523 - 332 BCE,Late Period,Bronze,Sculpture,1016.jpg
558,RC-1771 - Weny Fragment,Egyptian,6TH,2400-2250? BCE,Old Kingdom,Limestone,Ritual Objects,624.jpg
559,RC-1772 - Child's Sandal/Left,Egyptian,18TH,1554 - 1320 BCE,New Kingdom,Papyrus,Toiletries,533.jpg
560,RC-1773 - Wesekh Collar,Egyptian,21 - 25TH,Saite Period,3rd Intermediate,Faience,Jewelry,1030.jpg
561,RC-1774 - Inspector of the Works Model,Egyptian,11TH,"2,000 BCE",Middle Kingdom,Wood,Funerary,22.jpg
562,RC-1777 - Usermontu's Coffin,Egyptian,26TH,664-525 BCE,Saite Period,wood and paint,Funerary,1017.jpg
563,RC-1779 - Mummy (from Usermontu's Coffin),Egyptian,26TH,Uncertain,3rd Intermediate,human mummy,Funerary,234.jpg
564,RC-1780 - Nebuchadnezzar II Cylinder,Mesopotamian,,604-562 BCE,Late Babylonian,Clay,Babylonian,297.jpg
565,RC-1791 - Osiris,Egyptian,,,,Bronze,Sculpture,686.jpg
566,RC-1792 - Anubis Amulet,Egyptian,,,,Bronze,Amulets,526.jpg
567,RC-1794 - Thoth Ibis Amulet,Egyptian,,,,Ceramic,Amulets,1018.jpg
568,RC-1797 - Isis Nursing Horus Amulet,Egyptian,,,,Clay,Amulets,1019.jpg
569,RC-1800 - Alabastron,Egyptian,28TH - PTOLEMAIC,400 - 200 BCE,Late Period,Glass,Toiletries,753.jpg
570,RC-1801 - Assurnasirpal Ii Tablet,Mesopotamian,,883 - 859 BCE,Neo Assyrian,Limestone,Assyrian,348.jpg
571,RC-1804 - Ibis Coffin,Egyptian,30TH,378 - 341 BCE,Late Period,Bronze,Sculpture,618.jpg
572,RC-1806 - Neith,Egyptian,27 - 30th,525 - 343 BCE,Late Period,Wood,Sculpture,12.jpg
573,RC-1808 - Amehotep Iii Kohl Tube,Egyptian,18TH,1417 - 1379 BCE,New Kingdom,Faience,Toiletries,202.jpg
574,RC-1809 - Standing Isis Holding Horus,Egyptian,27 - 31ST,525 - 30 BCE,Late Period Or Ptole,Terracotta,Sculpture,158.jpg
575,RC-1810 - Plowing Man Model,Egyptian,12TH,1991-1785 BCE,Middle Kingdom,wood and paint,Funerary,672.jpg
576,RC-1811 - Female Head,Egyptian,18 - 20TH,1403 - 1080 BCE,New Kingdom,Limestone,Sculpture,658.jpg
577,RC-1812 - Flask,Egyptian,21 - 22 ND,1070-712 BCE,3rd Intermediate,Faience,Vessels,329.jpg
578,RC-1814 - Headrest,Egyptian,,2061-1784 BCE,Middle Kingdom,Wood,Furniture,491.jpg
579,RC-1816 - Canopic Jar and Lid,Egyptian,26TH,664-525 BCE,3rd Intermediate,Banded Calcite,Vessels,55.jpg
580,RC-1817 - Hout-An-Khoui Stele,Egyptian,,305 - 30 BCE,Ptolemaic,Limestone,Funerary,779.jpg
581,RC-1818 - Cosmetic Container,Mesopotamian,,1000 BCE,,,Babylonian,285.jpg
582,RC-1819 - Cylinder Seal,Mesopotamian,,2500 BCE,,Calcite,Sumerian,106.jpg
583,RC-1825 - Knife,Egyptian,,323 - 642 CE,Coptic/Byzantine,Bronze,Tools,197.jpg
584,RC-1826 - Unguent Jar,Egyptian,,,,Banded Calcite,Toiletries,1020.jpg
585,RC-1828 - Cymbal,Egyptian,,2857-2630 BCE,,Mixed Metal,Musical Instruments,607.jpg
586,RC-1829 - Priest/Prince,Egyptian,26TH,685-525 BCE,Late Period,Basalt,Sculpture,534.jpg
587,RC-1830 - Female Coffin/ Lower Part,Egyptian,19TH,1290-1224 BCE,New Kingdom,Wood,Funerary,833.jpg
588,RC-1835 - Necklace,Egyptian,,,Middle Kingdom,Faience,Jewelry,356.jpg
589,RC-1842 - Jar,Egyptian,,,Amarna,Clay,Vessels,342.jpg
590,RC-1874 - Water Jug,Mesopotamian,,1000 BCE,,Pottery,Persian,198.jpg
591,RC-1887 - Bracelet,Mesopotamian,,1000 BCE,,Spun Glass,Persian,245.jpg
592,RC-1898 - Dagger,Mesopotamian,,1000 BCE,,Bronze,Persian,281.jpg
593,RC-1899 - Dagger,Mesopotamian,,1000 BCE,,Bronze,Persian,270.jpg
594,RC-1934 - Papyrus Fragment,Egyptian,,500-600 CE,Coptic/Byzantine,Papyrus,Epigraphy,915.jpg
595,RC-1935 - Papyrus Fragment,Egyptian,,600 CE,Coptic/Byzantine,Papyrus,Epigraphy,74.jpg
596,RC-1938 - Battle Axe,Egyptian,11 - 12TH,2061-1784 BCE,Middle Kingdom,Wood,Tools,19.jpg
597,RC-1940 - Osiris,Egyptian,27 - 31ST,525 - 332 BCE,Late Period,Bronze,Sculpture,893.jpg
598,RC-1945 - Thoth Baboon,Egyptian,26TH,664 - 525 BCE,3rd Intermediate,Sandstone,Sculpture,706.jpg
599,RC-1956 - Amulet Necklace/ Double Strand,Egyptian,,,,Faience,Jewelry,412.jpg
600,RC-1957 - Razor,Egyptian,? - 20TH,BEFORE 1080 BCE,New Kingdom Or Befor,Bronze,Toiletries,159.jpg
601,RC-1962 - Cross,Egyptian,,323 - 642 CE,,Steatite,Ritual Objects,525.jpg
602,RC-1972 - Lamp,Egyptian,,200 - 400 CE,Coptic/Byzantine,Terracotta,Lamps,427.jpg
603,RC-1977 - Hawk,Egyptian,27 - 31ST,525 - 332 BCE,Late Period,Limestone,Sculpture,721.jpg
604,RC-2007 - Bast,Egyptian,27 - 31ST,525 - 404 BCE,Late Period,Wood,Sculpture,659.jpg
605,RC-2009 - Corinthian Aryballos,Greek,,525-343 BCE,Late Period,Clay,Toiletries,368.jpg
606,RC-2010 - Sobek,Egyptian,,305 - 30 BCE,Ptolemaic,Bronze,Sculpture,95.jpg
607,RC-2011 - Pectoral Scarab,Egyptian,27 - 31ST,525 - 332 BCE,Late Period,Stone,Amulets,330.jpg
608,RC-2017 - Scarab Wing Fragment,Egyptian,,,,Faience,Amulets,825.jpg
609,RC-2018 - Isis Nursing Horus,Egyptian,,,,Bronze,Sculpture,1021.jpg
610,RC-2023 - Hare Amulet,Egyptian,,,,Clay,Amulets,601.jpg
611,RC-2038 - Kneeling Hapi,Egyptian,27 - 31ST,525 - 30 BCE,Late Period-Ptolemaic,Bronze,Sculpture,521.jpg
612,RC-2056 - Oxyrhynchus Fish,Egyptian,,600-300 BCE,Saite To Ptolemaic,Bronze,Sculpture,455.jpg
613,RC-2058 - Cup,Egyptian,,1570-656 BCE,New Kingdom/Saite,Faience,Vessels,675.jpg
614,RC-2059 - Pen-Amun Coffin Post,Egyptian,18TH,1570-1293 BCE,New Kingdom,Wood,Funerary,760.jpg
615,RC-2060 - Thoth  Ibis with Shrine,Egyptian,25  - 31ST,712 - 30 BCE,Late Period,Bronze,Sculpture,1022.jpg
616,RC-2061 - Spoon,Egyptian,18 - 20TH,1554 - 1080 BCE,New Kingdom,Calcite,Vessels,818.jpg
617,RC-2063 - Horus Or Harmerty Bust,Egyptian,30TH TO PTOLEMAIC,380 - 30 BCE,Ptolemaic,Limestone,Sculpture,52.jpg
618,RC-2064 - Spouted Jar,Mesopotamian,,1000 BCE,,Grayware,Persian,539.jpg
619,RC-2065 - Imhotep,Egyptian,26 - 30TH,664 - 342 BCE,Late Period,Bronze,Sculpture,642.jpg
620,RC-2067 - Iry and Meru Stele Fragment,Egyptian,6TH,2290 - 2150 BCE,1st Intermediate,Limestone,Funerary,554.jpg
621,RC-2069 - Husband and Wife Relief Frag,Egyptian,7 - 10TH,2250-2035 BCE,1st Intermediate,Limestone,Epigraphy,319.jpg
622,RC-2070 - Akhnaton Prayer Relief Fragment,Egyptian,18TH,1350-1341 BCE,Amarna,Limestone,Epigraphy,275.jpg
623,RC-2071 - Ta'awa Coffin,Egyptian,25 - 26TH,664-525 BCE,3rd Intermediate,wood and paint,Funerary,76.jpg
624,RC-2074 - Bowl,,,31 BCE - 395 CE,Roman,Glass,Vessels,79.jpg
625,RC-2079 - Greek Hydria Handle,,,499 - 400 BCE,,Bronze,Vessels,141.jpg
626,RC-2080 - Scribe's Canopic Jar,Egyptian,19-20TH,1549-1069 BCE,New Kingdom,Banded Calcite,Vessels,83.jpg
627,RC-2081 - Incense Burner,Egyptian,27 - 31ST,525-325 BCE,Late Period,Bronze,Ritual Objects,487.jpg
628,RC-2084 - Babylonian Spirit House,Mesopotamian,,2600 BCE,Old Assyrian,Terracotta,Assyrian,352.jpg
629,RC-2085 - Hathor Aegis,Egyptian,27-30TH,525 - 343 BCE,Late Period,Bronze,Ritual Objects,692.jpg
630,RC-2089 - Shabti of Men,Egyptian,18TH,1570-1293 BCE,New Kingdom,Limestone,Ritual Objects,583.jpg
631,RC-2092 - Coffin Hand/ Left,Egyptian,,,,Wood,Funerary,488.jpg
632,RC-2130 - Bracelet,Egyptian,,4000 - 3050 BCE,Predynastic,Stone,Jewelry,34.jpg
633,RC-2131 - Bracelet,Egyptian,,4000 - 3050 BCE,Predynastic,Stone,Jewelry,606.jpg
634,RC-2137 - Hare Amulet,Egyptian,,,,Clay,Amulets,608.jpg
635,RC-2151 - Razor,Egyptian,26TH,600 BCE,3rd Intermediate,Bronze,Toiletries,160.jpg
636,RC-2152 - Tweezers,Egyptian,26TH,600 BCE,3rd Intermediate,Bronze,Toiletries,472.jpg
637,RC-2163 - Akhenaten Offering Relief Frag,Egyptian,18TH,1353 - 35 BCE,Amarna,Sandstone,Epigraphy,1023.jpg
638,RC-2171 - Cat Mummy,Egyptian,,1090 - 945 BCE,3rd Intermediate,Animal Remains,Funerary,929.jpg
639,RC-2179 - Jar,Egyptian,3 - 6TH,2686 - 2181 BCE,Old Kingdom,Calcite,Vessels,189.jpg
640,RC-2181 - Adze Model,Egyptian,,,New Kingdom - Late Per,Wood,Funerary,857.jpg
641,RC-2182 - Fish Mummy,Egyptian,,525-343 BCE,Late Period,Fish Remains,Funerary,821.jpg
642,RC-2183 - Offering Tray,Egyptian,,2250-2035 BCE,1st Intermediate,Terracotta,Ritual Objects,808.jpg
643,RC-2186 - Tadinanefer Coffin,Egyptian,,332 BCE-395 CE,Ptolemaic,Wood,Funerary,17.jpg
644,RC-2190 - Osiris and Anubis Relief Frag,Egyptian,18TH,1100 BCE,New Kingdom,Limestone,Epigraphy,16.jpg
645,RC-2191 - Surgical Probe,Egyptian,,332 BCE - 395 CE,Greco-Roman,Bronze,Tools,722.jpg
646,RC-2192 - Surgical Spatula,Egyptian,,332 BCE - 395 CE,Greco-Roman,Bronze,Tools,24.jpg
647,RC-2193 - Surgical Scraping Spoon,Egyptian,,332 BCE - 395 CE,Greco-Roman,Bronze,Tools,390.jpg
648,RC-2194 - Surgical Probe,Egyptian,,332 BCE - 395 CE,Greco-Roman,Bronze,Tools,435.jpg
649,RC-2195 - Surgical  Probe,Egyptian,,332 BCE - 395 CE,Greco-Roman,Bronze,Tools,470.jpg
650,RC-2197 - Tablet,Mesopotamian,,1850 BCE,Sumerian,Clay,Sumerian,881.jpg
651,RC-2199 - Situlae,Egyptian,22ND,332 BCE - 395 CE,Greco-Roman,Bronze,Vessels,1024.jpg
652,RC-2204 - Crocodile Amulet,Egyptian,18TH,1600 BCE,New Kingdom,Faience,Amulets,422.jpg
653,RC-2208 - Female Bust,Egyptian,research for eighteenth,305 - 30 BCE,Ptolemaic,Limestone,Sculpture,614.jpg
654,RC-2209 - Bast,Egyptian,,,,Bronze,Sculpture,315.jpg
655,RC-2213 - Baboon Mummy,Egyptian,26TH - PTOLEMAIC,Uncertain,Late Per - Ptolemaic,Animal Remains,Funerary,372.jpg
656,RC-2220 - Bes Bust,Egyptian,,305 - 200 BCE,Ptolemaic,Egyptian Blue Faience,Sculpture,378.jpg
657,RC-2221 - Hathor Aegis,Egyptian,,767-525 BCE,Late Period,Bronze,Sculpture,1035.jpg
658,RC-2222 - Yeret-Hor-At Shawabti,Egyptian,26TH,664 - 610 BCE,Late Period,Limestone,Funerary,976.jpg
659,RC-2223 - Shawabti Fragment,Egyptian,19TH,1293 - 1185 BCE,New Kingdom,Calcite,Funerary,90.jpg
660,RC-2227 - Jar,Egyptian,1 - 2ND,3100-2705 BCE,Archaic Period,Banded Calcite,Vessels,379.jpg
661,RC-2228 - Votive Column,Egyptian,18TH,1360 - 1347 BCE,Amarna,Limestone,Ritual Objects,357.jpg
662,RC-2230 - Stele Fragment,Mesopotamian,,2900 - 2400 BCE,Sumerian,Schist,Sumerian,641.jpg
663,RC-2242 - Shawabti,Egyptian,,,,Wood,Ritual Objects,88.jpg
664,RC-2243 - Cat Head,Egyptian,27 - 31ST,525 - 30 BCE,Late Period,Bronze,Sculpture,820.jpg
665,RC-2244 - War Crown Fragment,Egyptian,18TH,1570-1293 BCE,Amarna ?,Faience,Sculpture,773.jpg
666,RC-2246 - Stele,Egyptian,,31 BCE - 395 CE,Late Roman,Limestone,Funerary,1025.jpg
667,RC-2247 - Coffin Fragment,Egyptian,1 - 2ND ?,PRE 1800 BCE,Early Dynastic ?,Terracotta,Funerary,636.jpg
668,RC-2250 - Canopic Jar and Lid,Egyptian,26TH,664 - 525 BCE,3rd Intermediate,Banded Calcite,Vessels,333.jpg
669,RC-2251 - Canopic Jar and Lid,Egyptian,26TH,664 - 525 BCE,3rd Intermediate,Banded Calcite,Vessels,903.jpg
670,RC-2252 - Canopic Jar and Lid,Egyptian,26TH,664 - 525 BCE,3rd Intermediate,Banded Calcite,Vessels,734.jpg
671,RC-2266 - Clavus Fragment,Egyptian,,,Coptic/Byzantine,Linen,Textiles,479.jpg
672,RC-2292 - Orbiculus,Egyptian,,,Coptic/Byzantine,Linen,Textiles,1029.jpg
673,RC-2302 - Clavus Fragment,Egyptian,,,Coptic/Byzantine,Linen,Textiles,888.jpg
674,RC-2393 - Takirtut Coffin Fragment,Egyptian,,300 BCE,Ptolemaic,Wood,Funerary,720.jpg
675,RC-2394 - Takirtut Coffin Fragment,Egyptian,,300 BCE,Ptolemaic,Wood,Funerary,43.jpg
676,RC-2395 - Takirtut Coffin Fragment,Egyptian,,300 BCE,Ptolemaic,Wood,Funerary,556.jpg
677,RC-2402 - Shawabti Mold,Egyptian,,C. 664 BCE,,Terracotta,Tools,54.jpg
678,RC-2403 - Shawabti Mold,Egyptian,,C. 664 BCE,,Terracotta,Tools,547.jpg
679,RC-2406 - Shawabti Mold,Egyptian,,C. 664 BCE,,Terracotta,Tools,242.jpg
680,RC-2408 - Shawabti Mold,Egyptian,,C. 664 BCE,,Terracotta,Tools,343.jpg
681,RC-2422 - Lamp Stand,Egyptian,,400 CE,Coptic/Byzantine,Bronze,Lamps,649.jpg
682,RC-2423 - Lamp with Cross,Egyptian,,200 - 400 CE,Coptic/Byzantine,Terracotta,Lamps,223.jpg
683,RC-2424 - Lamp with Cross,Egyptian,,200 - 400 CE,Coptic/Byzantine,Terracotta,Lamps,677.jpg
684,RC-2442 - Min Amulet,Egyptian,26TH,664 - 525 BCE,3rd Intermediate,Bronze,Amulets,71.jpg
685,RC-2453 - Mummy Cloth Fragment,Egyptian,,,,Linen,Funerary,201.jpg
686,RC-2456 - Child's Sandal/Right,Egyptian,18TH,1554 - 1320 BCE,New Kingdom,Papyrus,Toiletries,26.jpg
687,RC-2469 - Ishtar Fragment,Mesopotamian,,1000 BCE,,,Persian,824.jpg
688,RC-2505 - Ring Mold,Egyptian,18TH,1550 - 1293 BCE,New Kingdom,Terra Cotta,Tools,570.jpg
689,RC-2508 - Uatch Amulet,Egyptian,,,,Faience,Amulets,445.jpg
690,RC-2509 - Tyet Amulet,Egyptian,26TH ?,664 - 525 BCE ?,3rd Intermediate,Faience,Amulets,36.jpg
691,RC-2511 - Mummy Eye,Egyptian,,,,Glass,Funerary,178.jpg
692,RC-2512 - Shirt,Egyptian,,,,Linen,Textiles,1026.jpg
693,RC-2560 - Shawabti,Egyptian,,1070-656 BCE,3rd Intermediate,Faience,Ritual Objects,207.jpg
694,RC-2561 - Shawabti,Egyptian,,1070-656 BCE,3rd Intermediate,Faience,Ritual Objects,870.jpg
695,RC-2562 - Shawabti,Egyptian,,1070-656 BCE,3rd Intermediate,Faience,Ritual Objects,240.jpg
696,RC-2563 - Shawabti/ Overseer,Egyptian,,1070-656 BCE,3rd Intermediate,Faience,Ritual Objects,291.jpg
697,RC-2564 - Shawabti,Egyptian,,1070-656 BCE,3rd Intermediate,Faience,Ritual Objects,60.jpg
698,RC-2565 - Shawabti,Egyptian,,1070-656 BCE,3rd Intermediate,Faience,Ritual Objects,645.jpg
699,RC-2566 - Shawabti,Egyptian,,1070-656 BCE,3rd Intermediate,Faience,Ritual Objects,108.jpg
700,RC-2567 - Shawabti,Egyptian,,1070-656 BCE,3rd Intermediate,Faience,Ritual Objects,916.jpg
701,RC-2568 - Shawabti,Egyptian,,1070-656 BCE,3rd Intermediate,Faience,Ritual Objects,307.jpg
702,RC-2569 - Shawabti,Egyptian,,1070-656 BCE,3rd Intermediate,Faience,Ritual Objects,241.jpg
703,RC-2570 - Lion Padlock,Mesopotamian,,,,Bronze,Persian,871.jpg
704,RC-2572 - Pitcher,,,,,Glass,Vessels,257.jpg
705,RC-2574 - Husband and Wife,Egyptian,7 - 10TH,First Intermediate Period,1st Intermediate,Limestone,Epigraphy,473.jpg
706,RC-2643 - Marriage Contract,Egyptian,,300-400 CE,Coptic Byzantine,Papyrus,Epigraphy,1027.jpg
707,RC-2644 - Papyrus Fragment,Egyptian,,685-705 CE,Coptic/Byzantine,Papyrus,Epigraphy,100.jpg
708,RC-2647 - Paper Fragment,Egyptian,,642 CE - ?,Arab Conquest,Paper,Epigraphy,902.jpg
709,RC-2727 - Contract Tablet Fragment,Mesopotamian,,2350 BCE,Early Dynastic,Clay,Sumerian,15.jpg
710,RC-2731 - Contract Tablet Fragment,Mesopotamian,,2350 BCE,Early Dynastic,Clay,Sumerian,466.jpg
711,RC-2742 - Arrow Head,Egyptian,18 - 20TH,1570 - 1070 BCE,New Kingdom,Bronze,Tools,884.jpg
712,RC-2743 - Arrow Head,Egyptian,18 - 20TH,1570 - 1070 BCE,New Kingdom,Bronze,Tools,609.jpg
713,RC-2755 - Faience Tiles,Egyptian,3RD,2663-2195 BCE,Old Kingdom,Faience,Architecture,923.jpg
714,RC-2756 - Tile,Egyptian,3RD,2620-2600 BCE,Old Kingdom,Faience,,482.jpg
715,RC-2757 - Tile,Egyptian,3RD,2620-2600 BCE,Old Kingdom,Faience,,878.jpg
716,RC-2758 - Tile,Egyptian,3RD,2620-2600 BCE,Old Kingdom,Faience,,407.jpg
717,RC-2759 - Tile,Egyptian,3RD,2620-2600 BCE,Old Kingdom,Faience,,716.jpg
718,RC-2760 - Tile,Egyptian,3RD,2620-2600 BCE,Old Kingdom,Faience,,778.jpg
719,RC-2761 - Tile,Egyptian,3RD,2620-2600 BCE,Old Kingdom,Faience,,701.jpg
720,RC-2762 - Tile,Egyptian,3RD,2620-2600 BCE,Old Kingdom,Faience,,124.jpg
721,RC-2763 - Tile,Egyptian,3RD,2620-2600 BCE,Old Kingdom,Faience,,358.jpg
722,RC-2764 - Tile,Egyptian,3RD,2620-2600 BCE,Old Kingdom,Faience,,136.jpg
723,RC-2765 - Tile,Egyptian,3RD,2620-2600 BCE,Old Kingdom,Faience,,566.jpg
724,RC-2766 - Tile,Egyptian,3RD,2620-2600 BCE,Old Kingdom,Faience,,338.jpg
725,RC-2767 - Tile,Egyptian,3RD,2620-2600 BCE,Old Kingdom,Faience,,892.jpg
726,RC-2768 - Tile,Egyptian,3RD,2620-2600 BCE,Old Kingdom,Faience,,313.jpg
727,RC-2769 - Tile,Egyptian,3RD,2620-2600 BCE,Old Kingdom,Faience,,413.jpg
728,RC-2770 - Tile,Egyptian,3RD,2620-2600 BCE,Old Kingdom,Faience,,350.jpg
729,RC-2771 - Tile,Egyptian,3RD,2620-2600 BCE,Old Kingdom,Faience,,203.jpg
730,RC-2772 - Tile,Egyptian,3RD,2620-2600 BCE,Old Kingdom,Faience,,419.jpg
731,RC-2773 - Tile,Egyptian,3RD,2620-2600 BCE,Old Kingdom,Faience,,914.jpg
732,RC-2774 - Tile,Egyptian,3RD,2620-2600 BCE,Old Kingdom,Faience,,389.jpg
733,RC-2775 - Tile,Egyptian,3RD,2620-2600 BCE,Old Kingdom,Faience,,648.jpg
734,RC-2776 - Tile,Egyptian,3RD,2620-2600 BCE,Old Kingdom,Faience,,163.jpg
735,RC-2777 - Tile,Egyptian,3RD,2620-2600 BCE,Old Kingdom,Faience,,924.jpg
736,RC-2778 - Tile,Egyptian,3RD,2620-2600 BCE,Old Kingdom,Faience,,51.jpg
737,RC-2779 - Tile,Egyptian,3RD,2620-2600 BCE,Old Kingdom,Faience,,403.jpg
738,RC-2780 - Tile,Egyptian,3RD,2620-2600 BCE,Old Kingdom,Faience,,190.jpg
739,RC-2781 - Tile,Egyptian,3RD,2620-2600 BCE,Old Kingdom,Faience,,840.jpg
740,RC-2782 - Tile,Egyptian,3RD,2620-2600 BCE,Old Kingdom,Faience,,506.jpg
741,RC-2783 - Tile,Egyptian,3RD,2620-2600 BCE,Old Kingdom,Faience,,171.jpg
742,RC-2784 - Tile,Egyptian,3RD,2620-2600 BCE,Old Kingdom,Faience,,463.jpg
743,RC-2785 - Tile,Egyptian,3RD,2620-2600 BCE,Old Kingdom,Faience,,180.jpg
744,RC-2786 - Tile,Egyptian,3RD,2620-2600 BCE,Old Kingdom,Faience,,791.jpg
745,RC-2787 - Tile,Egyptian,3RD,2620-2600 BCE,Old Kingdom,Faience,,115.jpg
746,RC-2788 - Tile,Egyptian,3RD,2620-2600 BCE,Old Kingdom,Faience,,621.jpg
747,RC-2789 - Tile,Egyptian,3RD,2620-2600 BCE,Old Kingdom,Faience,,13.jpg
748,RC-2790 - Tile,Egyptian,3RD,2620-2600 BCE,Old Kingdom,Faience,,461.jpg
749,RC-2791 - Tile,Egyptian,3RD,2620-2600 BCE,Old Kingdom,Faience,,99.jpg
750,RC-2792 - Tile,Egyptian,3RD,2620-2600 BCE,Old Kingdom,Faience,,410.jpg
751,RC-2793 - Tile,Egyptian,3RD,2620-2600 BCE,Old Kingdom,Faience,,802.jpg
752,RC-2794 - Tile,Egyptian,3RD,2620-2600 BCE,Old Kingdom,Faience,,377.jpg
753,RC-2795 - Tile,Egyptian,3RD,2620-2600 BCE,Old Kingdom,Faience,,650.jpg
754,RC-2796 - Tile,Egyptian,3RD,2620-2600 BCE,Old Kingdom,Faience,,571.jpg
755,RC-2797 - Tile,Egyptian,3RD,2620-2600 BCE,Old Kingdom,Faience,,218.jpg
756,RC-2798 - Tile,Egyptian,3RD,2620-2600 BCE,Old Kingdom,Faience,,769.jpg
757,RC-2799 - Tile,Egyptian,3RD,2620-2600 BCE,Old Kingdom,Faience,,447.jpg
758,RC-2800 - Tile,Egyptian,3RD,2620-2600 BCE,Old Kingdom,Faience,,381.jpg
759,RC-2801 - Tile,Egyptian,3RD,2620-2600 BCE,Old Kingdom,Faience,,495.jpg
760,RC-2802 - Tile,Egyptian,3RD,2620-2600 BCE,Old Kingdom,Faience,,169.jpg
761,RC-2803 - Tile,Egyptian,3RD,2620-2600 BCE,Old Kingdom,Faience,,552.jpg
762,RC-2804 - Tile,Egyptian,3RD,2620-2600 BCE,Old Kingdom,Faience,,860.jpg
763,RC-2805 - Tile,Egyptian,3RD,2620-2600 BCE,Old Kingdom,Faience,,262.jpg
764,RC-2806 - Tile,Egyptian,3RD,2620-2600 BCE,Old Kingdom,Faience,,732.jpg
765,RC-2807 - Tile,Egyptian,3RD,2620-2600 BCE,Old Kingdom,Faience,,63.jpg
766,RC-2808 - Tile,Egyptian,3RD,2620-2600 BCE,Old Kingdom,Faience,,298.jpg
767,RC-2809 - Tile,Egyptian,3RD,2620-2600 BCE,Old Kingdom,Faience,,557.jpg
768,RC-2810 - Tile,Egyptian,3RD,2620-2600 BCE,Old Kingdom,Faience,,671.jpg
769,RC-2811 - Tile,Egyptian,3RD,2620-2600 BCE,Old Kingdom,Faience,,44.jpg
770,RC-2812 - Tile,Egyptian,3RD,2620-2600 BCE,Old Kingdom,Faience,,689.jpg
771,RC-2813 - Tile,Egyptian,3RD,2620-2600 BCE,Old Kingdom,Faience,,316.jpg
772,RC-2814 - Tile,Egyptian,3RD,2620-2600 BCE,Old Kingdom,Faience,,217.jpg
773,RC-2815 - Tile,Egyptian,3RD,2620-2600 BCE,Old Kingdom,Faience,,332.jpg
774,RC-2816 - Tile,Egyptian,3RD,2620-2600 BCE,Old Kingdom,Faience,,167.jpg
775,RC-2817 - Tile,Egyptian,3RD,2620-2600 BCE,Old Kingdom,Faience,,62.jpg
776,RC-2818 - Tile,Egyptian,3RD,2620-2600 BCE,Old Kingdom,Faience,,453.jpg
777,RC-2819 - Tile,Egyptian,,,Old Kingdom,Faience,,360.jpg
778,RC-2822 - Meshet Coffin,Egyptian,11 - 12TH,2040 - 1782 BCE,Middle Kingdom,Wood,Funerary,530.jpg
779,RC-2861 - Brick,Mesopotamian,,,,Glazed Clay,Babylonian,7.jpg
780,RC-2862 - Brick,Mesopotamian,,,,Glazed Clay,Babylonian,137.jpg
781,RC-2863 - Brick,Mesopotamian,,,,Glazed Clay,Babylonian,610.jpg
782,RC-2864 - Brick,Mesopotamian,,,,Glazed Clay,Babylonian,328.jpg
783,RC-2928 - Bowl,Mesopotamian,,1000 BCE,,Clay,Persian,796.jpg
784,RC-2929 - Bowl,Mesopotamian,,1000 BCE,,Clay,Persian,629.jpg
785,RC-2930 - Bowl,Mesopotamian,,1000 BCE,,Clay,Persian,577.jpg
786,RC-2973 - Relief Fragment,Egyptian,5 - 6TH,2524-2250 BCE,Old Kingdom,Limestone,Epigraphy,391.jpg
787,RC-2990 - Offering Table,Egyptian,12TH DYNASTY,1994-1781 BCE,Middle Kingdom,Limestone,,324.jpg
788,RC-2991 - Cippus,Egyptian,,100 BCE-100 CE,Greco-Roman,Limestone,,553.jpg
789,RC-2992 - Cylinder,Egyptian,,1080-746 BCE,3rd Intermediate,Faience Egyptian Blue,,513.jpg
790,RC-2995 - Mummy Mask Fragment,Egyptian,,1550-1080 BCE,New Kingdom,Terracotta,,909.jpg
791,RC-1676 - Cat Mummy,Egyptian,21ST,1090 - 945 BCE,3rd Intermediate,Animal Remains,Funerary,928.jpg
792,RC-4864 - Pottery Fragment,Egyptian,,,,Clay,Vessels,259.jpg
793,RC-4865 - Pottery Fragment,Egyptian,,,,Clay,Vessels,523.jpg
794,RC-4866 - Pottery Fragment,Egyptian,,,,Clay,Vessels,749.jpg
795,RC-4867 - Pottery Fragment,Egyptian,,,,Clay,Vessels,737.jpg
796,RC-2214 - Boat Model,Egyptian,12TH,1991-1784 BCE,Middle Kingdom,Cedar Wood,Funerary,10.jpg
797,RC-1718 - Corn Mummy,Egyptian,27-30TH,1549-1069 BCE,Late Period,Wood,Funerary,449.jpg
798,RC-1637 - Akhenaten Ring,Egyptian,18TH,1353 - 35 BCE,Amarna,Bronze,Jewelry,611.jpg
799,RC-2986 - Cleopatra Vii Coin,Egyptian,,51 - 30 BCE,Ptolemaic,,Coins,5.jpg
800,RC-602 - Snake Mummy in Box,Egyptian,,332 - 323 BCE,Greco-Roman,Reptile Remains,Funerary,397.jpg
801,RC-508 - Canopic Jar and Lid,Egyptian,,,,Limestone,Vessels,87.jpg
802,RC-1685 - Female Musician,Egyptian,,332 - 30 BCE,Ptolemaic,Bronze,Sculpture,517.jpg
803,RC-3066 - Predynastic beaker,Egyptian,,Predynastic,,Clay,Vessels,691.jpg
804,RC-3145 - Coin,Egyptian,PTOLEMY II,332-31 BCE,Ptolemaic,Copper,Coins,668.jpg
805,RC-3146 - Coin,Egyptian,PTOLEMY II,332-31 BCE,Ptolemaic,Copper,Coins,347.jpg
806,RC-3168 - Coin,Egyptian,PTOLEMY IV,332-31 BCE,Ptolemaic,Copper,Coins,89.jpg
807,RC-3192 - Coin,Egyptian,PTOLEMY V,332-31 BCE,Ptolemaic,Copper,Coins,45.jpg
808,RC-3442 - Coin,,MARCUS AURELIUS,31 BCE - 395 CE,Roman Period,Copper,Coins,441.jpg
809,RC-1598 - Clavus Fragment W/ Orbiculus,Egyptian,,,Coptic/Byzantine,Linen,Textiles,465.jpg
810,RC-2267 - Clavus Fragment,Egyptian,,,Coptic/Byzantine,Linen,Textiles,1028.jpg
811,RC-2275 - Orbiculus,Egyptian,,300-600 A.D,Coptic/Byzantine,Linen,Textiles,752.jpg
812,RC-2295 - Textile Fragment,Egyptian,,300-400 CE,Coptic/Byzantine,Linen,Textiles,652.jpg
813,RC-2298 - Panel Fragment,Egyptian,,300-400 CE,Coptic/Byzantine,Linen,Textiles,279.jpg
814,RC-2299 - Panel Fragment,Egyptian,,,Coptic/Byzantine,Linen,Textiles,568.jpg
815,RC-2306 - Orbiculus,Egyptian,,300-400 CE,Coptic/Byzantine,Linen,Textiles,434.jpg
816,RC-2318 - Panel Fragment,Egyptian,,900-1100 CE,Coptic/Byzantine,Linen,Textiles,318.jpg
817,RC-2319 - Textile Fragment,Egyptian,,400-500 CE,Coptic/Byzantine,Linen,Textiles,384.jpg
818,RC-1869 - Beetle Specimens - 3,,,MODERN,Modern,Dried Bugs,,296.jpg
819,RC-297 - Ptah,Egyptian,,,,Bronze,Sculpture,221.jpg
820,RC-251 - Rameses Ii Cartouche Fragment,Egyptian,,,,Granite,Epigraphy,64.jpg
821,RC-1727 - False Door with Ibis,Egyptian,,,,Limestone,Funerary,536.jpg
822,RC-5187 - Scarab,Egyptian,13TH,1784-1668 BCE,2nd Intermediate,Faience,Amulets,863.jpg
823,RC-5195 - Wedjat Eye,Egyptian,18TH,1570-1293 BCE,New Kingdom,Faience,Amulets,337.jpg
